OFFENSE_CODE,OFFENSE_CATEGORY_ID,GEO_LON,GEO_LAT
5213,1,-104.8098811,39.773188
5213,1,-104.84118409999999,39.7846668
5213,1,-104.8247547,39.793246
5213,1,-104.96688020000002,39.764431
5213,1,-105.0372223,39.731790999999994
5213,1,-104.9843514,39.782089299999996
5213,1,-104.9562899,39.7667874
5213,1,-104.91670990000001,39.7652143
5213,1,-104.95551709999998,39.765065299999996
5213,1,-104.9733695,39.755313
5213,1,-104.8378704,39.7934248
5213,1,-104.9490365,39.7853499
5213,1,-104.83772940000001,39.7785969
5213,1,-104.97633770000002,39.731242
5213,1,-105.03728319999999,39.71123729999999
5213,1,-104.77068249999999,39.7834331
5213,1,-105.04514640000002,39.7007316
5213,1,-105.0311713,39.7237289
5213,1,-104.8290463,39.791414700000004
5213,1,-104.7527978,39.7771963
5213,1,-105.02748729999999,39.6573682
5213,1,-104.9621217,39.767075
5213,1,-104.9017381,39.7330304
5213,1,-104.9507787,39.7655456
5213,1,-104.94744779999999,39.7733732
5213,1,-104.8218387,39.798178899999996
5213,1,-104.9561686,39.7672919
5213,1,-104.82467249999999,39.7929216
5213,1,-104.8878789,39.7419115
5213,1,-104.8983594,39.7414138
5213,1,-104.89251770000001,39.739668
5213,1,-104.9935394,39.773586
5213,1,-105.0214675,39.7912393
5213,1,-105.00949979999999,39.7841513
5213,1,-105.0242402,39.6973243
5213,1,-105.00772930000001,39.7038972
5213,1,-104.8470371,39.7740066
5213,1,-104.98110109999999,39.782805200000006
5213,1,-105.0475457,39.7260277
5213,1,-105.03808070000001,39.7261666
5213,1,-105.03078500000001,39.6874153
5213,1,-104.8157949,39.7924174
5213,1,-105.035799,39.756665600000005
5213,1,-105.0491652,39.7024903
5213,1,-104.9916478,39.7498782
5213,1,-104.9638014,39.768853299999996
5213,1,-104.98810320000001,39.755076
5213,1,-105.02840859999999,39.7132199
5213,1,-104.932259,39.7642883
5213,1,-104.9282847,39.7622266
5213,1,-104.9266769,39.761779499999996
5213,1,-104.9473402,39.774391200000004
5213,1,-104.79047840000001,39.7836364
5213,1,-104.94941709999999,39.7731409
5213,1,-105.03504240000001,39.707171
5213,1,-105.03020259999998,39.6804591
5213,1,-105.04410590000002,39.7175534
5213,1,-104.89559740000001,39.738409999999995
5213,1,-105.0140793,39.6999704
5213,1,-104.8430375,39.7919273
5213,1,-104.9939481,39.74653060000001
5213,1,-104.8932034,39.7397401
5213,1,-104.83074079999999,39.7980596
5213,1,-104.9886405,39.7545595
5213,1,-104.91196880000001,39.685385
5213,1,-105.04826750000001,39.70006
5213,1,-104.99843290000001,39.746494899999995
5213,1,-105.02547870000001,39.7170213
5213,1,-104.84772009999999,39.7724895
5213,1,-105.0447683,39.7233979
5213,1,-104.8324086,39.7787755
5213,1,-104.96931029999999,39.7596597
5213,1,-104.99949299999999,39.7489372
5213,1,-105.02053159999998,39.7548255
5213,1,-104.9999509,39.753054299999995
5213,1,-104.9013949,39.7465739
5213,1,-105.00389990000001,39.7770122
5213,1,-104.88549909999999,39.74605820000001
5213,1,-105.0246916,39.7072751
5213,1,-104.903456,39.7266975
5213,1,-104.82841429999999,39.7897749
5213,1,-105.02122220000001,39.709945899999994
5213,1,-105.044063,39.6962608
5213,1,-105.0357203,39.71322429999999
5213,1,-105.0146304,39.7081619
5213,1,-104.88902920000001,39.738862
5213,1,-104.9300351,39.768310299999996
5213,1,-104.98323290000002,39.749438
5213,1,-104.9545254,39.7622248
5213,1,-104.8697303,39.70769979999999
5213,1,-105.0028268,39.733693200000005
5213,1,-104.74598459999999,39.775184499999995
5213,1,-105.0474285,39.6973499
5213,1,-104.953304,39.7614807
5213,1,-104.85232909999999,39.783454799999994
5213,1,-104.9238814,39.76347620000001
5213,1,-105.03887420000001,39.7092889
5213,1,-105.0241519,39.705625700000006
5213,1,-104.99192839999999,39.7533658
5213,1,-104.90757590000001,39.701521899999996
5213,1,-104.9478605,39.7697624
5213,1,-104.98725309999999,39.6879638
5213,1,-104.9035935,39.676651
5213,1,-104.89080990000002,39.7418279
5213,1,-105.0112162,39.7717198
5213,1,-104.9704973,39.7682769
5213,1,-104.99480390000001,39.747204100000005
5213,1,-104.9882243,39.7375179
5213,1,-105.03868680000001,39.7259081
5213,1,-104.92863729999999,39.7630354
5213,1,-105.0488318,39.700180200000005
5213,1,-104.8887503,39.7398543
5213,1,-104.9656226,39.7712115
5213,1,-104.796772,39.793307299999995
5213,1,-105.02547870000001,39.7170213
5213,1,-104.9361642,39.738276500000005
5213,1,-104.94123590000002,39.6778902
5213,1,-105.04340719999999,39.698737200000004
5213,1,-105.0491652,39.7024903
5213,1,-104.92369879999998,39.7705443
5213,1,-105.02597420000001,39.7210369
5213,1,-104.8318524,39.7807599
5213,1,-104.83604059999999,39.7889864
5213,1,-104.98260090000001,39.7825593
5213,1,-104.8847409,39.7428972
5213,1,-105.01614620000001,39.7728603
5213,1,-105.0366447,39.7390362
5213,1,-105.03333529999999,39.739402
5213,1,-104.96999129999999,39.752862799999996
5213,1,-105.030258,39.70829129999999
5213,1,-104.89372549999999,39.739396899999996
5213,1,-104.88862890000001,39.663226200000004
5213,1,-104.9582315,39.760894
5213,1,-105.04478,39.7259785
5213,1,-104.9967605,39.7302687
5213,1,-104.9302633,39.687265000000004
5213,1,-104.9386594,39.753057899999995
5213,1,-104.73460759999999,39.7835748
5213,1,-105.0357126,39.755759399999995
5213,1,-104.98637360000001,39.7663844
5213,1,-104.88582109999999,39.74015479999999
5213,1,-105.0236017,39.65736079999999
5213,1,-105.00327949999999,39.737044299999994
5213,1,-104.97865209999999,39.740841499999995
5213,1,-104.7996662,39.783952299999996
5213,1,-104.9485047,39.7647554
5213,1,-105.02958100000001,39.703767
5213,1,-105.02971940000002,39.703792299999996
5213,1,-104.96680400000001,39.7646255
5213,1,-104.9305771,39.76333029999999
5213,1,-104.9305771,39.76333029999999
5213,1,-104.9963173,39.729105600000004
5213,1,-105.0520447,39.70572429999999
5213,1,-105.03452659999998,39.697052500000005
5213,1,-104.94095149999998,39.756873799999994
5213,1,-104.8951969,39.7464955
5213,1,-105.03399840000002,39.7198775
5213,1,-104.8403448,39.793694
5213,1,-104.86770870000001,39.7600637
5213,1,-104.83986800000001,39.7827323
5213,1,-104.97832360000001,39.7625386
5213,1,-105.0488318,39.700180200000005
5213,1,-105.0415787,39.783882500000004
5213,1,-104.81295290000001,39.775577899999995
5213,1,-104.8470205,39.791071
5213,1,-105.0360855,39.7112244
5213,1,-105.02540400000001,39.701263
5213,1,-105.00047020000001,39.7505446
5213,1,-104.88496470000001,39.741306099999996
5213,1,-104.92679340000001,39.767542399999996
5213,1,-104.977153,39.788819000000004
5213,1,-104.81708370000001,39.7868849
5213,1,-104.9847716,39.7360588
5213,1,-104.99192839999999,39.7533658
5213,1,-105.0035338,39.7322549
5213,1,-105.0045758,39.7392789
5213,1,-104.74246629999999,39.775153700000004
5213,1,-105.0426273,39.7104374
5213,1,-104.914956,39.697880100000006
5213,1,-104.92159790000001,39.677636
5213,1,-104.8375041,39.7843661
5213,1,-104.9668455,39.7685295
5213,1,-105.0333905,39.7091877
5213,1,-104.83836219999999,39.7899603
5213,1,-105.05168770000002,39.7109747
5213,1,-105.0304001,39.724758
5213,1,-104.95330179999999,39.7658731
5213,1,-104.99962859999998,39.7513646
5213,1,-104.9883656,39.754698299999994
5213,1,-105.04757990000002,39.704186299999996
5213,1,-104.8521902,39.6591244
5213,1,-105.02457179999999,39.7186593
5213,1,-104.96895900000001,39.7496956
5213,1,-104.9196588,39.7647924
5213,1,-105.0177379,39.7002545
5213,1,-104.97044939999999,39.749655700000005
5213,1,-104.9883656,39.754698299999994
5213,1,-104.9173515,39.7646217
5213,1,-104.96454820000001,39.7656283
5213,1,-105.0047662,39.7611594
5213,1,-104.97176340000001,39.73764
5213,1,-105.03947079999999,39.7066723
5213,1,-105.03601110000001,39.7375183
5213,1,-105.02515190000001,39.7380049
5213,1,-104.9561529,39.7670256
5213,1,-104.88670359999999,39.7388636
5213,1,-105.05534320000001,39.655220299999996
5213,1,-104.9582636,39.7668706
5213,1,-104.9548753,39.7410138
5213,1,-105.03041100000002,39.727915100000004
5213,1,-104.94783500000001,39.768933200000006
5213,1,-104.91988799999999,39.6996918
5213,1,-105.0056508,39.738105700000006
5213,1,-105.0248072,39.7117284
5213,1,-104.82258309999999,39.7900188
5213,1,-104.8878475,39.7418427
5213,1,-104.95387590000001,39.767522899999996
5213,1,-104.97052109999998,39.7542982
5213,1,-104.94458770000001,39.765714200000005
5213,1,-104.8017269,39.781048999999996
5213,1,-104.9302284,39.7585272
5213,1,-104.97000530000001,39.7580734
5213,1,-104.9378696,39.77393729999999
5213,1,-104.82186180000001,39.7810844
5213,1,-104.9017381,39.7330304
5213,1,-104.9322705,39.7655045
5213,1,-104.952913,39.7641857
5213,1,-104.88785759999999,39.733760700000005
5213,1,-105.025977,39.7216738
5213,1,-104.96560600000001,39.7682658
5213,1,-104.88784620000001,39.7395559
5213,1,-104.96589809999999,39.7826878
5213,1,-104.87812530000001,39.7237826
5213,1,-105.0524226,39.6977424
5213,1,-104.95833770000002,39.766489299999996
5213,1,-104.8301405,39.7863944
5213,1,-104.98931470000001,39.751353200000004
5213,1,-104.770958,39.8021026
5213,1,-105.04514640000002,39.7007316
5213,1,-105.044731,39.700115000000004
5213,1,-104.9464886,39.767353899999996
5213,1,-104.9017818,39.7341562
5213,1,-105.0364679,39.725427200000006
5213,1,-104.95030770000001,39.756198600000005
5213,1,-104.8339218,39.7973831
5213,1,-105.0386438,39.7254221
5213,1,-104.81941379999999,39.786214799999996
5213,1,-105.03990060000001,39.6964065
5213,1,-105.0091553,39.7058249
5213,1,-104.9701723,39.7491465
5213,1,-104.9613308,39.7653858
5213,1,-104.8453343,39.7761467
5213,1,-104.9347398,39.693968700000006
5213,1,-105.0422291,39.7066364
5213,1,-105.0277155,39.7047506
5213,1,-104.9712365,39.7603602
5213,1,-105.0478283,39.731823999999996
5213,1,-104.95699909999999,39.7647839
5213,1,-104.94468729999998,39.7652617
5213,1,-104.88582109999999,39.74015479999999
5213,1,-104.8275851,39.793492799999996
5213,1,-105.019228,39.698553000000004
5213,1,-104.82468940000001,39.7878402
5213,1,-104.9999509,39.753054299999995
5213,1,-104.9883004,39.741702000000004
5213,1,-104.96438020000001,39.7708572
5213,1,-105.0364846,39.636270399999994
5213,1,-104.93401580000001,39.6876729
5213,1,-105.035044,39.7096115
5213,1,-104.8919949,39.7388554
5213,1,-104.88555990000002,39.7330404
5213,1,-105.04342350000002,39.708260700000004
5213,1,-104.821383,39.7871678
5213,1,-104.8932078,39.7392268
5213,1,-105.03264890000001,39.6572324
5213,1,-104.8331634,39.7970494
5213,1,-104.91740619999999,39.765316600000006
5213,1,-104.93148059999999,39.7655336
5213,1,-105.00835179999999,39.705341100000005
5213,1,-105.036358,39.721089299999996
5213,1,-2.4e-06,1.2e-06
5213,1,-105.03587900000001,39.7247084
5213,1,-104.91248229999998,39.7683695
5213,1,-104.95941529999999,39.755455600000005
5213,1,-105.0380606,39.7292192
5213,1,-105.04885159999998,39.7313695
5213,1,-105.04142390000001,39.7335864
5213,1,-105.0413292,39.732839299999995
5213,1,-104.9290791,39.760325200000004
5213,1,-105.0309125,39.7278815
5213,1,-104.9511533,39.774032899999995
5213,1,-104.9885321,39.7518687
5213,1,-104.8972614,39.739667600000004
5213,1,-105.03398870000001,39.713310799999995
5213,1,-104.9874154,39.7338549
5213,1,-104.8181405,39.7931008
5213,1,-104.8209114,39.7950714
5213,1,-104.9859979,39.7128281
5213,1,-104.9693374,39.766893599999996
5213,1,-104.9634523,39.7582331
5213,1,-104.9385628,39.6634012
5213,1,-104.94143999999999,39.7026979
5213,1,-104.91166820000001,39.703442200000005
5213,1,-104.96937109999999,39.743169200000004
5213,1,-104.88970520000001,39.7404523
5213,1,-104.8380068,39.7978289
5213,1,-105.03871570000001,39.697184299999996
5213,1,-105.03451799999999,39.74818870000001
5213,1,-105.02001409999998,39.678180499999996
5213,1,-104.8247374,39.793567100000004
5213,1,-105.0036162,39.7397031
5213,1,-105.04005090000001,39.717935700000005
5213,1,-104.98211059999998,39.7526065
5213,1,-104.76234129999999,39.779790399999996
5213,1,-105.0355541,39.776993100000006
5213,1,-104.8358883,39.7956729
5213,1,-105.0510551,39.7093004
5213,1,-104.9240317,39.7637926
5213,1,-104.82773490000001,39.781590200000004
5213,1,-105.03314499999999,39.6942715
5213,1,-105.0254814,39.7171586
5213,1,-105.00680320000001,39.6910453
5213,1,-104.89085120000001,39.7432117
5213,1,-104.96564550000001,39.739745500000005
5213,1,-105.02805729999999,39.6571097
5213,1,-104.89130559999998,39.7404331
5213,1,-105.0284156,39.7015908
5213,1,-104.9915797,39.6964876
5213,1,-104.7996125,39.7779316
5213,1,-104.9883591,39.746325299999995
5213,1,-104.89620719999999,39.7344819
5213,1,-104.92731570000001,39.7689368
5213,1,-105.0454267,39.72822120000001
5213,1,-104.9901669,39.7329554
5213,1,-105.003771,39.7781455
5213,1,-105.0510667,39.679157000000004
5213,1,-105.04055120000001,39.698004100000006
5213,1,-104.9663939,39.7596191
5213,1,-104.9452774,39.7738571
5213,1,-104.8318651,39.791749200000005
5213,1,-104.95398899999999,39.7584751
5213,1,-105.0413327,39.733399299999995
5213,1,-105.0347386,39.6623992
5213,1,-104.93489709999999,39.677958700000005
5213,1,-105.04736129999999,39.775532
5213,1,-104.989801,39.754427299999996
5213,1,-105.02858229999998,39.6693698
5213,1,-104.9867285,39.7412312
5213,1,-104.9870284,39.73232410000001
5213,1,-105.03210829999999,39.7292945
5213,1,-104.8171464,39.7822705
5213,1,-104.9901862,39.7557412
5213,1,-104.9609794,39.765746500000006
5213,1,-104.9625517,39.7675985
5213,1,-104.8414814,39.7867329
5213,1,-105.02515190000001,39.7380049
5213,1,-105.02467620000002,39.7127025
5213,1,-104.9020697,39.6378183
5213,1,-105.0508352,39.7231083
5213,1,-104.8723803,39.667741799999995
5213,1,-105.02464440000001,39.6985119
5213,1,-104.97633119999999,39.76783629999999
5213,1,-104.896381,39.7419747
5213,1,-104.90795890000001,39.695720200000004
5213,1,-104.84772009999999,39.7724895
5213,1,-104.84703590000001,39.7710857
5213,1,-104.97355859999999,39.7647081
5213,1,-105.0323027,39.7694693
5213,1,-105.03329209999998,39.7293157
5213,1,-104.841833,39.78566420000001
5213,1,-104.8078594,39.7880554
5213,1,-104.93959029999999,39.6766359
5213,1,-104.9870284,39.73232410000001
5213,1,-105.02327209999999,39.763443
5213,1,-104.8781759,39.700832
5213,1,-105.0207365,39.73369879999999
5213,1,-104.9524154,39.7632143
5213,1,-105.0469987,39.7099766
5213,1,-105.0028268,39.733693200000005
5213,1,-104.8913783,39.7398378
5213,1,-104.796255,39.7955334
5213,1,-104.89579479999999,39.7419058
5213,1,-104.94017340000002,39.764781899999996
5213,1,-104.9087317,39.771027399999994
5213,1,-105.046001,39.7109144
5213,1,-104.94851729999999,39.7929956
5213,1,-104.9199828,39.6757502
5213,1,-104.9975996,39.7362213
5213,1,-104.94055259999999,39.682938299999996
5213,1,-104.9887544,39.7345525
5213,1,-105.0038871,39.6948737
5213,1,-104.74198359999998,39.7773468
5213,1,-105.0422308,39.6965804
5213,1,-105.0299291,39.659763700000006
5213,1,-105.01086799999999,39.6972118
5213,1,-104.8112559,39.7922262
5213,1,-104.80082409999999,39.7891532
5213,1,-104.7996662,39.7839495
5213,1,-104.989801,39.754427299999996
5213,1,-104.8255444,39.7740529
5213,1,-104.96806480000001,39.751767
5213,1,-104.97327040000002,39.757610299999996
5213,1,-104.9231862,39.763656700000006
5213,1,-105.0175722,39.6773167
5213,1,-104.9404375,39.7361528
5213,1,-104.9625506,39.7668134
5213,1,-104.896381,39.7419747
5213,1,-104.98098429999999,39.739956899999996
5213,1,-104.97971310000001,39.785731
5213,1,-105.0067861,39.6788066
5213,1,-104.96681409999998,39.7464602
5213,1,-104.83478570000001,39.7776057
5213,1,-104.92394250000001,39.764698100000004
5213,1,-105.04899329999999,39.7270352
5213,1,-104.9250321,39.6830199
5213,1,-104.95585619999999,39.7662885
5213,1,-104.8296441,39.792167600000006
5213,1,-104.95564240000002,39.7658839
5213,1,-105.0254814,39.7171586
5213,1,-104.9365105,39.6863123
5213,1,-104.96807820000001,39.7635936
5213,1,-105.00423880000001,39.7562679
5213,1,-104.9647243,39.76073710000001
5213,1,-104.9489997,39.764230600000005
5213,1,-105.03510179999999,39.7094772
5213,1,-104.9873644,39.6946189
5213,1,-104.90612790000002,39.7676239
5213,1,-104.91607409999999,39.7646703
5213,1,-105.03523340000001,39.71267329999999
5213,1,-104.97689209999999,39.757975099999996
5213,1,-104.9712283,39.7671107
5213,1,-105.00742140000001,39.7421981
5213,1,-104.9870284,39.73232410000001
5213,1,-104.9313987,39.7585191
5213,1,-105.02703570000001,39.709112899999994
5213,1,-105.02703570000001,39.709112899999994
5213,1,-105.0277473,39.70002879999999
5213,1,-105.011052,39.6840653
5213,1,-104.91606909999999,39.763984
5213,1,-104.9705398,39.759355
5213,1,-105.0006646,39.7382329
5213,1,-105.04089509999999,39.714965899999996
5213,1,-104.9594289,39.764762100000006
5213,1,-104.9366646,39.7600927
5213,1,-104.89871809999998,39.7510158
5213,1,-104.98588190000001,39.7640708
5213,1,-104.97803909999999,39.7501096
5213,1,-104.9712325,39.7538155
5213,1,-104.9502736,39.7664465
5213,1,-104.98952390000001,39.7411912
5213,1,-104.7571495,39.7721204
5213,1,-104.93842350000001,39.76609129999999
5213,1,-104.7588713,39.7765099
5213,1,-104.813146,39.777297499999996
5213,1,-104.9717692,39.7533869
5213,1,-104.9646271,39.7646211
5213,1,-104.823142,39.785574700000005
5213,1,-104.8127204,39.7767927
5213,1,-104.94584440000001,39.770990999999995
5213,1,-104.9665605,39.753152
5213,1,-104.9933483,39.7458692
5213,1,-105.0063673,39.697939700000006
5213,1,-104.9754351,39.7596982
5213,1,-104.9780703,39.762161400000004
5213,1,-105.00170849999999,39.70641679999999
5213,1,-104.82187090000001,39.7801373
5213,1,-104.9475406,39.772893200000006
5213,1,-104.98211059999998,39.752603799999996
5213,1,-104.97479709999999,39.766997700000005
5213,1,-105.01019070000001,39.7779527
5213,1,-104.9491863,39.754969
5213,1,-104.9315896,39.7639282
5213,1,-104.8948554,39.735792700000005
5213,1,-104.9487466,39.787366299999995
5213,1,-104.86167859999999,39.658201700000006
5213,1,-104.97054409999998,39.7601924
5213,1,-104.84464059999999,39.7822346
5213,1,-104.96133490000001,39.7592968
5213,1,-104.94201140000001,39.77252670000001
5213,1,-104.97925959999999,39.7538595
5213,1,-105.0064485,39.6934679
5213,1,-104.89042179999998,39.7410627
5213,1,-105.01468929999999,39.7839148
5213,1,-104.89487290000001,39.7403609
5213,1,-104.9066604,39.7648237
5213,1,-104.99216740000001,39.744919700000004
5213,1,-105.012754,39.690194399999996
5213,1,-104.8667037,39.6988463
5213,1,-105.0240341,39.697320700000006
5213,1,-105.02832749999999,39.780264100000004
5213,1,-104.96595500000001,39.7607399
5213,1,-104.98266140000001,39.7333921
5213,1,-105.05305449999999,39.643165
5213,1,-104.9548764,39.761919
5213,1,-104.87498570000001,39.7062756
5213,1,-104.9486273,39.7663482
5213,1,-105.0386837,39.7285408
5213,1,-104.9741619,39.7587261
5213,1,-105.0149277,39.6862281
5213,1,-104.9922245,39.7380184
5213,1,-104.9730966,39.7400317
5213,1,-105.0419064,39.7043428
5213,1,-104.9907274,39.7541979
5213,1,-105.04599679999998,39.719251799999995
5213,1,-104.9696686,39.7626097
5213,1,-104.8846547,39.7474539
5213,1,-104.97185230000001,39.7683324
5213,1,-104.97051370000001,39.767522
5213,1,-104.89288700000002,39.73562879999999
5213,1,-104.89620719999999,39.7344819
5213,1,-105.0532682,39.678232
5213,1,-105.03698270000001,39.738471999999994
5213,1,-105.0253774,39.7172927
5213,1,-105.04301740000001,39.6718344
5213,1,-105.00974599999999,39.695549
5213,1,-104.94187990000002,39.694755
5213,1,-104.95572220000001,39.7633971
5213,1,-105.02600430000001,39.7023636
5213,1,-104.96010090000001,39.76341179999999
5213,1,-104.9687571,39.759918
5213,1,-104.88847790000001,39.7433696
5213,1,-104.98040859999999,39.7399022
5213,1,-104.9409551,39.7568711
5213,1,-104.9819499,39.782053999999995
5213,1,-104.97049679999999,39.7683455
5213,1,-105.0275649,39.7165685
5213,1,-104.90926670000002,39.7349847
5213,1,-104.890249,39.7388491
5213,1,-104.9744781,39.7526056
5213,1,-104.92155109999999,39.6764195
5213,1,-105.01914779999998,39.710258700000004
5213,1,-104.83979690000001,39.7793195
5213,1,-105.0368929,39.7375328
5213,1,-104.9963906,39.727313200000005
5213,1,-104.9665672,39.764432299999996
5213,1,-104.95726270000002,39.755088799999996
5213,1,-104.9797837,39.752250399999994
5213,1,-104.94434440000002,39.7690294
5213,1,-104.96946340000001,39.7290864
5213,1,-104.9523465,39.7410789
5213,1,-104.96586599999999,39.7663563
5213,1,-104.97809769999999,39.7551309
5213,1,-104.933654,39.7294328
5213,1,-105.01247140000001,39.702744700000004
5213,1,-104.99480390000001,39.747204100000005
5213,1,-105.02569070000001,39.6819894
5213,1,-104.96633359999998,39.741382
5213,1,-104.92229209999998,39.7638088
5213,1,-104.9162773,39.755642200000004
5213,1,-104.8042942,39.777984000000004
5213,1,-104.96454820000001,39.7656283
5213,1,-104.9594372,39.7673756
5213,1,-104.95795430000001,39.7631631
5213,1,-104.81753559999999,39.7766505
5213,1,-105.0306424,39.694385100000005
5213,1,-104.92471689999999,39.7622284
5213,1,-105.012377,39.7874273
5213,1,-105.0012621,39.7337222
5213,1,-104.90217450000002,39.7410626
5213,1,-105.0438436,39.653474100000004
5213,1,-104.94368929999999,39.7682027
5213,1,-105.0263244,39.7133845
5213,1,-105.0312263,39.713376600000004
5213,1,-105.0417256,39.698288700000006
5213,1,-105.02407290000001,39.6863506
5213,1,-105.04808909999998,39.7034827
5213,1,-104.8940274,39.745622
5213,1,-105.03009409999999,39.6955991
5213,1,-105.0000186,39.7530381
5213,1,-104.9896054,39.7417104
5213,1,-104.9880607,39.741895899999996
5213,1,-104.9251861,39.7635622
5213,1,-104.9462632,39.765713899999994
5213,1,-104.98708729999998,39.725235999999995
5213,1,-104.9631267,39.7394293
5213,1,-104.90936799999999,39.7356248
5213,1,-104.8219109,39.794028499999996
5213,1,-104.7968613,39.7957539
5213,1,-104.7693232,39.791635799999995
5213,1,-104.8869557,39.7332124
5213,1,-104.9882243,39.7375179
5213,1,-104.93023219999999,39.761566200000004
5213,1,-105.04179170000002,39.7050451
5213,1,-104.95276319999999,39.740540100000004
5213,1,-105.00111310000001,39.7396624
5213,1,-104.95695959999999,39.7584092
5213,1,-104.88851480000001,39.7366906
5213,1,-105.0367648,39.7305346
5213,1,-104.9149118,39.759014799999996
5213,1,-104.98247079999999,39.7804284
5213,1,-105.02187009999999,39.7045815
5213,1,-104.9789169,39.755455700000006
5213,1,-105.05059479999998,39.742318700000006
5213,1,-104.95696029999999,39.7202005
5213,1,-104.9238814,39.76347620000001
5213,1,-105.01355,39.707111499999996
5213,1,-104.99704080000001,39.737289600000004
5213,1,-104.9657564,39.7620595
5213,1,-105.04933840000001,39.7103864
5213,1,-104.9650633,39.762459899999996
5213,1,-104.96561399999999,39.76254470000001
5213,1,-104.8469479,39.770604799999994
5213,1,-105.01682120000001,39.7554445
5213,1,-104.8453459,39.783674299999994
5213,1,-105.0416024,39.689407200000005
5213,1,-105.02088590000001,39.7331586
5213,1,-105.0187156,39.669634499999994
5213,1,-105.0389831,39.7635824
5213,1,-105.0504491,39.7312054
5213,1,-104.9822,39.7819206
5213,1,-104.9228448,39.7640778
5213,1,-105.0244247,39.7230567
5213,1,-105.03674850000002,39.728170899999995
5213,1,-104.9890933,39.741719200000006
5213,1,-104.9030908,39.7457919
5213,1,-104.9028679,39.7419089
5213,1,-105.0213038,39.7875902
5213,1,-105.02515190000001,39.7380049
5213,1,-104.90784350000001,39.7687855
5213,1,-104.8290028,39.7807162
5213,1,-105.0369903,39.7287017
5213,1,-104.8980705,39.7506309
5213,1,-104.9606418,39.7670874
5213,1,-104.87200379999999,39.65303839999999
5213,1,-105.02428259999999,39.7890984
5213,1,-105.0459668,39.726076500000005
5213,1,-104.9566146,39.7671265
5213,1,-105.0298053,39.7058324
5213,1,-104.9680798,39.7586988
5213,1,-104.94419040000001,39.683458
5213,1,-104.97493590000002,39.7598689
5213,1,-104.9175841,39.76017279999999
5213,1,-104.9978212,39.731602
5213,1,-105.04127460000001,39.70149620000001
5213,1,-104.8464853,39.7694684
5213,1,-105.052765,39.6546175
5213,1,-104.99231609999998,39.737154
5213,1,-105.04836670000002,39.704521500000006
5213,1,-105.0333176,39.714796
5213,1,-105.02833170000001,39.7331119
5213,1,-105.09317140000002,39.6289443
5213,1,-105.0522767,39.7250739
5213,1,-105.04193059999999,39.7251412
5213,1,-105.04394270000002,39.6978196
5213,1,-105.0389128,39.7066646
5213,1,-104.98064620000001,39.756797600000006
5213,1,-105.0201108,39.6869028
5213,1,-104.9402074,39.757858500000005
5213,1,-104.8289645,39.7951203
5213,1,-105.04595320000001,39.733667100000005
5213,1,-105.0389497,39.7367447
5213,1,-105.0126676,39.706737200000006
5213,1,-104.9979741,39.7514674
5213,1,-105.02595179999999,39.7348648
5213,1,-105.0000753,39.667761299999995
5213,1,-105.05004479999998,39.7133046
5213,1,-104.8229293,39.782177600000004
5213,1,-104.8427813,39.787368799999996
5213,1,-104.81670720000001,39.793010100000004
5213,1,-105.02611409999999,39.70557879999999
5213,1,-105.01312720000001,39.72553610000001
5213,1,-105.0488344,39.720234600000005
5213,1,-104.97633119999999,39.76783629999999
5213,1,-104.8126116,39.7889782
5213,1,-104.94472250000001,39.758129700000005
5213,1,-104.9912342,39.750513299999994
5213,1,-104.9441064,39.6828509
5213,1,-105.01121499999999,39.7045322
5213,1,-105.01717450000001,39.6943333
5213,1,-104.8949034,39.7388841
5213,1,-104.992585,39.7191571
5213,1,-105.02515190000001,39.7380049
5213,1,-104.8447287,39.7929745
5213,1,-104.8351829,39.7799936
5213,1,-104.9789855,39.753883
5213,1,-104.81639659999999,39.7934778
5213,1,-104.7682423,39.7850652
5213,1,-105.0342166,39.70199829999999
5213,1,-105.0489864,39.6993463
5213,1,-105.02966359999999,39.7221883
5213,1,-105.0043337,39.7609489
5213,1,-104.8904273,39.7428829
5213,1,-104.9242887,39.767587799999994
5213,1,-104.93430729999999,39.7626126
5213,1,-104.8266512,39.7814303
5213,1,-104.95330520000002,39.760876700000004
5213,1,-104.9540226,39.7614758
5213,1,-104.90913390000001,39.7667797
5213,1,-105.06306229999998,39.6510049
5213,1,-104.81741690000001,39.774593599999996
5213,1,-104.9776095,39.754777399999995
5213,1,-104.92229209999998,39.7638088
5213,1,-105.0400175,39.7121897
5213,1,-104.9650574,39.767898200000005
5213,1,-104.9340412,39.7634047
5213,1,-104.9843019,39.767056200000006
5213,1,-104.931394,39.7669992
5213,1,-105.03329540000001,39.6967703
5213,1,-104.81741690000001,39.774593599999996
5213,1,-104.91763590000002,39.677718
5213,1,-105.0235337,39.7506073
5213,1,-105.02874009999998,39.738475
5213,1,-104.98743629999998,39.725638399999994
5213,1,-105.04608859999999,39.71054960000001
5213,1,-104.8365397,39.792272499999996
5213,1,-104.9428649,39.75734129999999
5213,1,-104.7984434,39.790583000000005
5213,1,-104.94017340000002,39.7647847
5213,1,-105.024534,39.6875165
5213,1,-104.9251936,39.7691598
5213,1,-105.05096509999998,39.7022611
5213,1,-105.04001550000001,39.7049009
5213,1,-104.8371363,39.7980464
5213,1,-105.1015364,39.6275976
5213,1,-105.04511000000001,39.710729799999996
5213,1,-104.9806456,39.754005600000006
5213,1,-104.9886233,39.75448529999999
5213,1,-104.99982460000001,39.74732720000001
5213,1,-104.8916834,39.741977899999995
5213,1,-104.97614250000001,39.737868299999995
5213,1,-105.05176750000001,39.722406299999996
5213,1,-105.03915259999998,39.730769099999996
5213,1,-105.0357496,39.7211555
5213,1,-105.0337293,39.743779499999995
5213,1,-104.96833219999999,39.760121999999996
5213,1,-105.04900690000001,39.7392901
5213,1,-104.95153140000001,39.7684536
5213,1,-105.03112890000001,39.7066723
5213,1,-105.0476693,39.7200901
5213,1,-104.9757577,39.7546209
5213,1,-104.89611640000001,39.7396645
5213,1,-104.96608470000001,39.7665934
5213,1,-104.99047970000001,39.728075700000005
5213,1,-105.0348902,39.754262700000005
5213,1,-104.9720315,39.760119399999994
5213,1,-104.94169609999999,39.7705624
5213,1,-104.9402604,39.7494308
5213,1,-105.0327685,39.709188
5213,1,-105.03925149999999,39.6983889
5213,1,-105.0330983,39.7568307
5213,1,-104.850676,39.77791679999999
5213,1,-104.9514496,39.7629984
5213,1,-105.0150114,39.7867354
5213,1,-105.0017017,39.68035
5213,1,-105.0052576,39.7368824
5213,1,-104.931854,39.7637894
5213,1,-104.9721261,39.753226500000004
5213,1,-105.0326068,39.708377500000005
5213,1,-104.95920590000001,39.758156
5213,1,-104.9551473,39.7678006
5213,1,-104.9443459,39.7688482
5213,1,-105.0190906,39.755426299999996
5213,1,-104.8335431,39.7915473
5213,1,-105.0329615,39.7319773
5213,1,-105.05665649999999,39.7841599
5213,1,-104.9691096,39.7302653
5213,1,-104.9677983,39.749391100000004
5213,1,-104.92610309999999,39.75714
5213,1,-105.04363500000001,39.72055220000001
5213,1,-104.9655232,39.7828563
5213,1,-105.03957949999999,39.7020249
5213,1,-104.8411775,39.7849934
5213,1,-104.9459131,39.76589620000001
5213,1,-104.89042179999998,39.7410627
5213,1,-105.0015638,39.7497998
5213,1,-105.0372969,39.7371885
5213,1,-105.0376205,39.7301783
5213,1,-104.83341750000001,39.7968998
5213,1,-105.03795249999999,39.7386076
5213,1,-104.8732345,39.67313
5213,1,-105.00016090000001,39.760011600000006
5213,1,-104.8359136,39.7937542
5213,1,-105.01625359999998,39.7129564
5213,1,-104.95522390000001,39.7583929
5213,1,-105.04063219999999,39.7078875
5213,1,-105.04653770000002,39.7142108
5213,1,-105.0336643,39.737509100000004
5213,1,-104.87820990000002,39.723868200000005
5213,1,-105.0414982,39.653684600000005
5213,1,-105.02841950000001,39.715289899999995
5213,1,-104.9360127,39.7703816
5213,1,-104.82983409999999,39.776391700000005
5213,1,-104.9416051,39.7717177
5213,1,-104.9748989,39.7581584
5213,1,-105.01479499999999,39.732153600000004
5213,1,-105.0354326,39.7319789
5213,1,-104.83664279999999,39.7975467
5213,1,-104.98713570000001,39.7195947
5213,1,-104.97628449999999,39.7626613
5213,1,-104.89620719999999,39.7344819
5213,1,-104.9945199,39.731349
5213,1,-105.078686,39.6632842
5213,1,-104.9732456,39.7599656
5213,1,-104.9788636,39.7544947
5213,1,-105.04695590000001,39.697345399999996
5213,1,-104.9597571,39.7632482
5213,1,-105.03873259999999,39.738402
5213,1,-104.9545254,39.7622248
5213,1,-104.86836740000001,39.654174700000006
5213,1,-104.994672,39.7526804
5213,1,-104.9915865,39.7676534
5213,1,-105.0484155,39.726209399999995
5213,1,-104.6992974,39.8363591
5213,1,-105.020377,39.6859101
5213,1,-104.8553045,39.755906
5213,1,-105.0575702,39.6788797
5213,1,-104.8399114,39.7898345
5213,1,-105.029771,39.7003417
5213,1,-105.0443906,39.7021809
5213,1,-105.03588549999999,39.7258669
5213,1,-105.0218736,39.7395344
5213,1,-104.942273,39.7704938
5213,1,-104.82835370000001,39.7883086
5213,1,-104.94806340000001,39.7611625
5213,1,-105.03420220000001,39.704175299999996
5213,1,-105.0448293,39.719480700000005
5213,1,-105.03405120000001,39.716748100000004
5213,1,-105.03499920000002,39.7104679
5213,1,-105.0230747,39.732333000000004
5213,1,-105.03336979999999,39.7042763
5213,1,-104.9621217,39.767075
5213,1,-104.82798259999998,39.7954661
5213,1,-104.9409104,39.7562312
5213,1,-105.0259631,39.6663805
5213,1,-105.03751240000001,39.7077435
5213,1,-105.02506869999999,39.7298099
5213,1,-105.0459628,39.7030847
5213,1,-104.97587150000001,39.7627089
5213,1,-104.9866899,39.778571899999996
5213,1,-104.88657040000001,39.759784700000004
5213,1,-104.86836740000001,39.654174700000006
5213,1,-104.84118409999999,39.7846668
5213,1,-104.8464527,39.797005799999994
5213,1,-105.0390896,39.7133061
5213,1,-105.0489206,39.6974216
5213,1,-105.0476888,39.6878385
5213,1,-104.96159109999998,39.76808
5213,1,-105.0270002,39.7069961
5213,1,-105.0389774,39.696293100000005
5213,1,-104.956119,39.759476
5213,1,-105.0341137,39.730343
5213,1,-104.97969669999999,39.7534277
5213,1,-105.02522420000001,39.7241745
5213,1,-104.81908759999999,39.79268629999999
5213,1,-104.73556440000002,39.781005900000004
5213,1,-105.0408678,39.727830100000006
5213,1,-105.03119369999999,39.66984420000001
5213,1,-105.03694679999998,39.7202021
5213,1,-105.0480906,39.703793
5213,1,-105.0489897,39.7270352
5213,1,-104.76392009999999,39.7788586
5213,1,-105.0254793,39.72167460000001
5213,1,-105.03781609999999,39.771176700000005
5213,1,-105.0407618,39.7364169
5213,1,-104.96383859999999,39.7398114
5213,1,-104.9897807,39.7440144
5213,1,-104.8377335,39.792103499999996
5213,1,-104.9880559,39.7547354
5213,1,-105.0407509,39.6495664
5213,1,-104.8951969,39.7464955
5213,1,-104.84007790000001,39.797846
5213,1,-104.96009950000001,39.7640624
5213,1,-105.0467814,39.7529749
5213,1,-104.96561240000001,39.7585586
5213,1,-104.97122920000001,39.7617932
5213,1,-104.9798149,39.7408439
5213,1,-105.03539029999999,39.7362201
5213,1,-104.9485337,39.7592567
5213,1,-105.0281055,39.7223385
5213,1,-105.04048540000001,39.748753
5213,1,-104.8686912,39.6568751
5213,1,-105.01759070000001,39.760435799999996
5213,1,-104.9768655,39.7501044
5213,1,-105.0469125,39.7288364
5213,1,-104.9823443,39.7662295
5213,1,-104.94095149999998,39.756873799999994
5213,1,-104.97123899999998,39.7562561
5213,1,-104.9702128,39.7583845
5213,1,-105.0347739,39.7037136
5213,1,-104.8413847,39.7917232
5213,1,-104.95522539999999,39.7572811
5213,1,-104.81668140000001,39.7971251
5213,1,-104.8243371,39.7919066
5213,1,-105.0394574,39.7254966
5213,1,-105.0528192,39.7130215
5213,1,-105.0352321,39.698386799999994
5213,1,-104.95034740000001,39.7583977
5213,1,-104.81720859999999,39.78355560000001
5213,1,-104.83860209999999,39.7894291
5213,1,-105.05237790000001,39.7136649
5213,1,-104.764799,39.800225
5213,1,-104.98813179999999,39.7404439
5213,1,-104.98813179999999,39.7404439
5213,1,-104.84139820000001,39.7978561
5213,1,-104.7488689,39.7819289
5213,1,-104.9216916,39.7404381
5213,1,-104.98281440000001,39.7473634
5213,1,-104.8350368,39.7980263
5213,1,-104.96573470000001,39.7602365
5213,1,-105.0446328,39.70648370000001
5213,1,-105.0239549,39.780243799999994
5213,1,-104.8425913,39.7871399
5213,1,-104.8283235,39.789596
5213,1,-104.8274486,39.7891792
5213,1,-105.036239,39.7025087
5213,1,-105.0485058,39.7260011
5213,1,-105.0524257,39.6755191
5213,1,-104.9567226,39.761913799999995
5213,1,-104.9800765,39.76359779999999
5213,1,-104.8173001,39.7818349
5213,1,-104.88280619999999,39.754634100000004
5213,1,-104.88982250000001,39.7792874
5213,1,-104.8297323,39.7952235
5213,1,-104.8327443,39.787608899999995
5213,1,-105.0392375,39.706471
5213,1,-104.96875949999999,39.760530200000005
5213,1,-104.9630876,39.767296200000004
5213,1,-104.9763646,39.760026200000006
5213,1,-104.90501699999999,39.7664845
5213,1,-104.86167859999999,39.658201700000006
5213,1,-104.9758236,39.7605454
5213,1,-104.91362290000001,39.76980820000001
5213,1,-104.9594881,39.7713894
5213,1,-105.0308625,39.7135619
5213,1,-105.0241346,39.7128842
5213,1,-105.0527648,39.7444299
5213,1,-105.0240305,39.697320700000006
5213,1,-105.052793,39.7176938
5213,1,-104.8408385,39.7937901
5213,1,-105.02941740000001,39.7228571
5213,1,-105.04570009999999,39.729383500000004
5213,1,-105.03459769999999,39.7415263
5213,1,-104.9463115,39.7713089
5213,1,-105.0363764,39.6983995
5213,1,-104.9567114,39.7656418
5213,1,-104.8176897,39.7882309
5213,1,-105.04340719999999,39.698737200000004
5213,1,-104.9331587,39.765646000000004
5213,1,-104.9697118,39.7409169
5213,1,-105.0482014,39.7103299
5213,1,-105.0519172,39.716779100000004
5213,1,-104.88500149999999,39.7354835
5213,1,-104.9924149,39.7529891
5213,1,-104.8313687,39.785586
5213,1,-105.0267971,39.674932899999995
5213,1,-105.0346071,39.734761999999996
5213,1,-104.95940490000001,39.764182700000006
5213,1,-105.0413034,39.7259074
5213,1,-105.0347739,39.7037136
5213,1,-104.8243791,39.7912398
5213,1,-105.0385803,39.7026359
5213,1,-104.9656155,39.7819508
5213,1,-105.032533,39.7087917
5213,1,-104.9293456,39.7546823
5213,1,-105.0387872,39.7111719
5213,1,-104.9511878,39.7619018
5213,1,-104.89499199999999,39.741811
5213,1,-105.0127212,39.6795671
5213,1,-104.9266574,39.766347499999995
5213,1,-105.01312720000001,39.72553610000001
5213,1,-105.04981570000001,39.738497100000004
5213,1,-104.98024679999999,39.763186700000006
5213,1,-104.76066690000002,39.7755988
5213,1,-104.9477912,39.765460299999994
5213,1,-105.03497109999999,39.7388484
5213,1,-104.8329151,39.782380100000005
5213,1,-104.88644099999999,39.7355569
5213,1,-105.050754,39.688045100000004
5213,1,-104.939421,39.656462299999994
5213,1,-105.0509507,39.7367225
5213,1,-104.94956770000002,39.7693641
5213,1,-104.9349831,39.6677217
5213,1,-105.0235236,39.7018402
5213,1,-104.8405318,39.797642700000004
5213,1,-104.9143378,39.7549188
5213,1,-104.8916652,39.7813833
5213,1,-104.9545275,39.7614973
5213,1,-105.03910049999999,39.714893
5213,1,-104.9870868,39.753026399999996
5213,1,-105.03524420000001,39.71480089999999
5213,1,-104.983231,39.7294359
5213,1,-105.042872,39.6625107
5213,1,-104.9149124,39.7585234
5213,1,-104.90115990000001,39.770352200000005
5213,1,-104.9622344,39.7482101
5213,1,-104.82420019999999,39.7906046
5213,1,-105.0494095,39.7076167
5213,1,-104.9172517,39.765077000000005
5213,1,-104.9496011,39.7710004
5213,1,-104.9486273,39.7663482
5213,1,-104.93956670000001,39.6884874
5213,1,-104.903374,39.7447007
5213,1,-105.02158759999999,39.6918037
5213,1,-105.03728570000001,39.7087144
5213,1,-104.9486648,39.7855595
5213,1,-105.0281055,39.7223385
5213,1,-105.0393727,39.7270227
5213,1,-105.0041807,39.776557700000005
5213,1,-105.0344916,39.736093
5213,1,-104.96586599999999,39.7663563
5213,1,-104.8236354,39.7982386
5213,1,-104.82996109999999,39.782456700000004
5213,1,-104.8717111,39.66947329999999
5213,1,-104.76640079999999,39.7828657
5213,1,-105.0424881,39.7045263
5213,1,-104.9081983,39.7638376
5213,1,-105.03211090000002,39.7363718
5213,1,-105.0437483,39.7003912
5213,1,-105.03426520000001,39.7723266
5213,1,-105.03636509999998,39.70333
5213,1,-104.89362040000002,39.6536735
5213,1,-104.9570223,39.754903799999994
5213,1,-104.9898487,39.6945748
5213,1,-104.8269531,39.79779370000001
5213,1,-105.02783799999999,39.7346225
5213,1,-105.042101,39.7197391
5213,1,-105.03373540000001,39.70061
5213,1,-104.9569439,39.766405999999996
5213,1,-105.0363606,39.706163200000006
5213,1,-104.88663989999999,39.740455600000004
5213,1,-104.98374609999999,39.7517105
5213,1,-104.94697849999999,39.773790999999996
5213,1,-104.82039329999999,39.785753799999995
5213,1,-105.0267045,39.7208037
5213,1,-104.9870284,39.73232410000001
5213,1,-104.987485,39.7398975
5213,1,-105.03775800000001,39.7567859
5213,1,-105.050248,39.6860446
5213,1,-105.0371868,39.758183700000004
5213,1,-104.8686912,39.6568751
5213,1,-105.03342509999999,39.740333
5213,1,-105.02597140000002,39.7193403
5213,1,-104.9365021,39.7648166
5213,1,-105.0365902,39.7349099
5213,1,-104.8399158,39.7848354
5213,1,-105.0525722,39.7283447
5213,1,-104.81481679999999,39.776351899999995
5213,1,-104.8402986,39.7978472
5213,1,-104.97721570000002,39.7427184
5213,1,-104.8424938,39.7918474
5213,1,-104.8218316,39.798178799999995
5213,1,-104.95232620000002,39.765075200000005
5213,1,-104.83848090000001,39.787567100000004
5213,1,-104.9925179,39.6773266
5213,1,-104.8384317,39.7980564
5213,1,-105.0259816,39.7172979
5213,1,-105.0371189,39.735611999999996
5213,1,-104.9170057,39.765567100000005
5213,1,-104.87621809999999,39.7011786
5213,1,-104.8042942,39.777984000000004
5213,1,-105.0375447,39.696916200000004
5213,1,-105.02712109999999,39.7006632
5213,1,-105.03613770000001,39.7377357
5213,1,-105.04286189999999,39.7093429
5213,1,-104.8898275,39.7398929
5213,1,-105.0035115,39.694726700000004
5213,1,-104.97309979999999,39.76469229999999
5213,1,-105.04570679999999,39.7783093
5213,1,-105.02958000000001,39.7033745
5213,1,-105.03570390000002,39.702816799999994
5213,1,-105.02940320000002,39.71649620000001
5213,1,-104.9238814,39.76347620000001
5213,1,-105.0391618,39.729360799999995
5213,1,-104.83833299999999,39.7896664
5213,1,-105.0401159,39.72591370000001
5213,1,-104.9883656,39.754698299999994
5213,1,-104.973817,39.768193
5213,1,-105.03412379999999,39.6683294
5213,1,-104.9847683,39.7408657
5213,1,-105.0284299,39.716388
5213,1,-104.9855068,39.7308377
5213,1,-104.9688058,39.7436306
5213,1,-104.9707713,39.7687338
5213,1,-104.96064979999998,39.764663399999996
5213,1,-105.0011716,39.7359455
5213,1,-105.0457169,39.696599400000004
5213,1,-105.03871310000001,39.6916306
5213,1,-105.03405,39.7163885
5213,1,-105.0413416,39.7331221
5213,1,-105.0419385,39.736462700000004
5213,1,-104.8212694,39.7867773
5213,1,-104.9290463,39.767847100000004
5213,1,-104.8356873,39.793225799999995
5213,1,-104.83803420000001,39.7828675
5213,1,-104.9527614,39.7562594
5213,1,-105.03092590000001,39.7024876
5213,1,-104.9640895,39.7581619
5213,1,-105.02980919999999,39.678198200000004
5213,1,-104.98097539999999,39.7555746
5213,1,-104.8382176,39.7947252
5213,1,-105.0061071,39.708656299999994
5213,1,-104.8475122,39.77074520000001
5213,1,-105.03286429999999,39.726296999999995
5213,1,-104.97176999999999,39.7584793
5213,1,-104.83330459999999,39.7908047
5213,1,-104.926102,39.757277200000004
5213,1,-105.04637749999999,39.696110499999996
5213,1,-104.7664382,39.7796375
5213,1,-105.00175970000001,39.7692809
5213,1,-105.03061540000002,39.713311100000006
5213,1,-105.04987120000001,39.6711114
5213,1,-105.04997320000001,39.7095104
5213,1,-105.03730230000001,39.733144700000004
5213,1,-105.0488318,39.700180200000005
5213,1,-105.0301512,39.686015399999995
5213,1,-104.9556388,39.7658839
5213,1,-104.8722898,39.6544208
5213,1,-105.03126200000001,39.7245281
5213,1,-105.04650020000001,39.6408283
5213,1,-105.0163897,39.7339556
5213,1,-105.0469949,39.7226818
5213,1,-104.9693332,39.770267499999996
5213,1,-105.02592140000002,39.7293768
5213,1,-105.0320837,39.7111317
5213,1,-104.9102781,39.7652426
5213,1,-105.04604429999999,39.7152027
5213,1,-105.02832749999999,39.780264100000004
5213,1,-104.95217530000001,39.76708120000001
5213,1,-105.034807,39.7314273
5213,1,-104.92394250000001,39.764698100000004
5213,1,-104.9505717,39.773799600000004
5213,1,-104.88499499999999,39.7358184
5213,1,-104.96548200000001,39.766793799999995
5213,1,-105.02548700000001,39.7236786
5213,1,-104.8717111,39.66947329999999
5213,1,-105.00805590000002,39.7531324
5213,1,-104.8059542,39.7925135
5213,1,-105.0297119,39.7277119
5213,1,-104.9120413,39.7586024
5213,1,-104.928096,39.68026210000001
5213,1,-104.9570463,39.767414
5213,1,-104.91239990000001,39.7030725
5213,1,-104.80596059999999,39.787196
5213,1,-105.0393949,39.696571999999996
5213,1,-105.03213799999999,39.726442299999995
5213,1,-105.0435446,39.709848
5213,1,-104.94801319999999,39.6961484
5213,1,-104.8248039,39.7870365
5213,1,-104.9683311,39.7588674
5213,1,-104.83712709999999,39.7907467
5213,1,-104.92581750000001,39.7637876
5213,1,-105.04341799999999,39.7090953
5213,1,-104.9461467,39.7750499
5213,1,-104.9194986,39.6994977
5213,1,-104.8102718,39.790614399999995
5213,1,-105.0291385,39.7135632
5213,1,-105.03870570000001,39.6911309
5213,1,-104.96823219999999,39.75689860000001
5213,1,-105.0418561,39.7332861
5213,1,-105.04057900000001,39.7067837
5213,1,-105.05139150000001,39.7039374
5213,1,-104.9867285,39.7412312
5213,1,-105.03285690000001,39.7108465
5213,1,-104.9196588,39.7647924
5213,1,-105.01756540000001,39.6684795
5213,1,-104.8908138,39.745473700000005
5213,1,-105.0379488,39.7030096
5213,1,-105.04118989999999,39.7063111
5213,1,-104.88209669999999,39.648279200000005
5213,1,-104.8692531,39.6536276
5213,1,-105.03655359999999,39.70923320000001
5213,1,-104.9328189,39.7601649
5213,1,-104.9340385,39.765499299999995
5213,1,-104.980842,39.737082
5213,1,-104.87173940000001,39.6544096
5213,1,-104.8347186,39.7977994
5213,1,-105.0502774,39.704751200000004
5213,1,-104.98052990000001,39.7523305
5213,1,-104.94156740000001,39.699192700000005
5213,1,-105.01616299999999,39.782279200000005
5213,1,-105.0334466,39.7413708
5213,1,-105.0428966,39.6974669
5213,1,-104.8266692,39.7758548
5213,1,-104.95397,39.7344264
5213,1,-105.0303237,39.7542281
5213,1,-105.02464440000001,39.6985119
5213,1,-104.8248949,39.7956928
5213,1,-105.03164779999999,39.72637720000001
5213,1,-104.8949612,39.742077200000004
5213,1,-104.82444759999998,39.7904111
5213,1,-105.0330805,39.7028888
5213,1,-105.0295794,39.705587200000004
5213,1,-105.0009585,39.774883200000005
5213,1,-104.89253590000001,39.740447700000004
5213,1,-104.7628495,39.773419
5213,1,-104.8897461,39.735349
5213,1,-105.02507379999999,39.733258
5213,1,-104.8268088,39.781315899999996
5213,1,-105.0208487,39.770881
5213,1,-104.98572959999998,39.73584879999999
5213,1,-104.9096983,39.7483399
5213,1,-105.0070939,39.7037903
5213,1,-105.0024072,39.7547421
5213,1,-104.8218387,39.798178899999996
5213,1,-105.00015049999999,39.706588599999996
5213,1,-104.9540291,39.763831200000006
5213,1,-104.8885045,39.7382745
5213,1,-105.04895490000001,39.7108819
5213,1,-104.9054389,39.756595399999995
5213,1,-104.8192349,39.7932773
5213,1,-104.9552258,39.762266499999996
5213,1,-104.98477949999999,39.6943166
5213,1,-104.98956310000001,39.780267200000004
5213,1,-104.95452709999999,39.767948700000005
5213,1,-104.980232,39.757504
5213,1,-104.92908020000002,39.7663071
5213,1,-104.98147040000002,39.716530799999994
5213,1,-105.02467620000002,39.7127025
5213,1,-105.03477659999999,39.7242181
5213,1,-104.9862262,39.739900299999995
5213,1,-104.9823933,39.7581477
5213,1,-105.05183229999999,39.725069500000004
5213,1,-104.8059542,39.7925135
5213,1,-105.0295794,39.705587200000004
5213,1,-104.84491290000001,39.7858406
5213,1,-104.8338463,39.7817348
5213,1,-105.0232247,39.696666799999996
5213,1,-104.92545449999999,39.7672751
5213,1,-105.0353051,39.7088384
5213,1,-105.0460522,39.69694929999999
5213,1,-104.7507889,39.7803982
5213,1,-105.04340719999999,39.698737200000004
5213,1,-105.03968629999999,39.7133716
5213,1,-105.03876170000001,39.721546200000006
5213,1,-105.03250279999999,39.7277148
5213,1,-104.833679,39.774631799999995
5213,1,-105.011987,39.7667789
5213,1,-104.9876835,39.7550769
5213,1,-104.91636840000001,39.758379600000005
5213,1,-105.0338517,39.7028891
5213,1,-104.96811459999999,39.7606783
5213,1,-105.0277557,39.7061783
5213,1,-104.9930555,39.7460381
5213,1,-104.898648,39.6505284
5213,1,-105.0465498,39.716193
5213,1,-104.89698680000001,39.6557965
5213,1,-104.88820049999998,39.7356292
5213,1,-105.04851770000002,39.7738591
5213,1,-104.92996029999999,39.6646364
5213,1,-105.0312845,39.732865600000004
5213,1,-105.04004920000001,39.689469700000004
5213,1,-105.0466456,39.7134673
5213,1,-104.84594990000001,39.7829995
5213,1,-104.89865759999999,39.74106389999999
5213,1,-104.95082959999999,39.7658616
5213,1,-105.0500436,39.7290104
5213,1,-105.05125430000001,39.7220612
5213,1,-104.7727117,39.781966
5213,1,-105.00793540000001,39.766243200000005
5213,1,-104.95450659999999,39.7641876
5213,1,-104.97889199999999,39.740148100000006
5213,1,-104.8866794,39.740823600000006
5213,1,-104.8849956,39.7365706
5213,1,-104.8893399,39.7419823
5213,1,-104.9730001,39.7609226
5213,1,-104.840412,39.789955299999995
5213,1,-105.0342384,39.7378023
5213,1,-104.8404857,39.7802375
5213,1,-104.97003079999999,39.769749
5213,1,-105.0266841,39.698536600000004
5213,1,-105.02453270000001,39.706601899999995
5213,1,-104.9231601,39.7655371
5213,1,-104.89556850000001,39.7392801
5213,1,-104.88670359999999,39.7388636
5213,1,-104.96666289999999,39.7588626
5213,1,-105.0218845,39.684735700000004
5213,1,-104.8115481,39.7947261
5213,1,-105.017765,39.7599204
5213,1,-105.03315390000002,39.6955975
5213,1,-105.031608,39.6663208
5213,1,-104.9405601,39.761794200000004
5213,1,-104.99312830000001,39.7413825
5213,1,-104.89629280000001,39.741062799999995
5213,1,-104.8269932,39.79546320000001
5213,1,-104.8264369,39.795580799999996
5213,1,-105.05996909999999,39.656083200000005
5213,1,-104.9508261,39.777660600000004
5213,1,-104.96452340000002,39.771212
5213,1,-104.8812275,39.7227393
5213,1,-104.987485,39.7398975
5213,1,-105.0398822,39.6970516
5213,1,-104.8405236,39.7917074
5213,1,-105.046876,39.6623725
5213,1,-105.0389111,39.702058
5213,1,-105.02777579999999,39.7290686
5213,1,-104.9462213,39.6692385
5213,1,-105.0324368,39.70402
5213,1,-104.9671622,39.7713283
5213,1,-104.89061570000001,39.682734
5213,1,-104.96472299999999,39.766960499999996
5213,1,-104.8479993,39.7700121
5213,1,-104.9957686,39.7208674
5213,1,-104.8422763,39.7907536
5213,1,-104.87426049999999,39.6544725
5213,1,-105.03204740000001,39.732036799999996
5213,1,-104.8390102,39.7974722
5213,1,-105.02853059999998,39.676021500000004
5213,1,-105.05046019999999,39.66345689999999
5213,1,-104.9944771,39.7728021
5213,1,-104.8907578,39.74045220000001
5213,1,-104.94993149999999,39.78738
5213,1,-104.95027520000001,39.7662433
5213,1,-105.00269309999999,39.694866
5213,1,-104.9849048,39.787637
5213,1,-104.9900728,39.743458399999994
5213,1,-104.9020697,39.6378183
5213,1,-104.96117269999999,39.746613
5213,1,-104.97578159999999,39.7585494
5213,1,-104.9484145,39.771239200000004
5213,1,-105.00688570000001,39.679800799999995
5213,1,-105.02153100000001,39.6985432
5213,1,-104.90560049999999,39.7710912
5213,1,-104.99884270000001,39.749359999999996
5213,1,-104.94955870000001,39.786367999999996
5213,1,-105.03932730000001,39.741525700000004
5213,1,-104.9551504,39.764187799999995
5213,1,-104.9946348,39.7756112
5213,1,-105.0099737,39.680242
5213,1,-104.9944771,39.7728021
5213,1,-104.88543680000001,39.6992011
5213,1,-105.0133584,39.7255206
5213,1,-104.9903328,39.685165999999995
5213,1,-105.01088850000001,39.78401160000001
5213,1,-104.89722979999999,39.7412735
5213,1,-105.0328357,39.6563848
5213,1,-105.01583570000001,39.7874334
5213,1,-105.03813829999999,39.719569899999996
5213,1,-104.9811047,39.7400261
5213,1,-104.8900994,39.7123068
5213,1,-105.0123875,39.6928256
5213,1,-104.89620719999999,39.7344819
5213,1,-105.0369764,39.726486200000004
5213,1,-104.9196743,39.6877046
5213,1,-105.01916499999999,39.7316005
5213,1,-104.98833219999999,39.7582972
5213,1,-104.99480279999999,39.744398499999996
5213,1,-105.0149613,39.7147959
5213,1,-105.0335902,39.712301700000005
5213,1,-105.02515,39.66211920000001
5213,1,-104.9018757,39.658097399999996
5213,1,-105.0330805,39.7028888
5213,1,-104.9708736,39.7669691
5213,1,-104.9175678,39.7565765
5213,1,-104.93423100000001,39.75487879999999
5213,1,-105.00356909999999,39.7765002
5213,1,-105.037213,39.7294245
5213,1,-105.02037849999999,39.687765899999995
5213,1,-104.8098811,39.773188
5213,1,-105.044559,39.7003285
5213,1,-104.92220879999999,39.7639896
5213,1,-104.98614440000001,39.775327399999995
5213,1,-104.94170359999998,39.7691843
5213,1,-105.00623610000001,39.6857829
5213,1,-105.0250608,39.6894843
5213,1,-104.970873,39.759502000000005
5213,1,-104.92209960000001,39.764291
5213,1,-104.97515220000001,39.7647125
5213,1,-105.02569070000001,39.6819894
5213,1,-104.9886233,39.75448529999999
5213,1,-104.9425335,39.77039620000001
5213,1,-104.9768655,39.7501044
5213,1,-104.8464444,39.7818713
5213,1,-104.9708646,39.7681605
5213,1,-104.96379950000001,39.765386
5213,1,-105.03237620000002,39.71417460000001
5213,1,-105.0434314,39.6906497
5213,1,-104.9792581,39.754057200000005
5213,1,-104.961257,39.781467
5213,1,-104.9290124,39.783376700000005
5213,1,-105.0046655,39.7396691
5213,1,-104.96186809999999,39.766283200000004
5213,1,-104.9650554,39.7662977
5213,1,-105.0672878,39.659767200000005
5213,1,-104.9819719,39.7410566
5213,1,-104.9712378,39.760192700000005
5213,1,-104.95940729999998,39.763405799999994
5213,1,-104.9403416,39.675091200000004
5213,1,-104.95593810000001,39.7681227
5213,1,-105.0344472,39.7031358
5213,1,-105.05283190000002,39.675334
5213,1,-104.98290530000001,39.7437099
5213,1,-105.01292120000001,39.7552033
5213,1,-104.9711287,39.7614441
5213,1,-104.9900728,39.743458399999994
5213,1,-104.948131,39.7946025
5213,1,-105.0494959,39.7401101
5213,1,-104.97803909999999,39.7501096
5213,1,-105.04972620000001,39.7158703
5213,1,-104.9867285,39.7412312
5213,1,-104.9655864,39.7610375
5213,1,-105.01795120000001,39.6868006
5213,1,-104.9304557,39.7292389
5213,1,-104.94295420000002,39.7581955
5213,1,-104.9794091,39.7557489
5213,1,-105.02028999999999,39.7012395
5213,1,-105.03191090000001,39.7034634
5213,1,-105.01872490000001,39.7330455
5213,1,-104.9491413,39.740320000000004
5213,1,-105.0408216,39.6985021
5213,1,-104.9822436,39.7408492
5213,1,-104.9597618,39.7644891
5213,1,-104.9446889,39.7592195
5213,1,-105.0238632,39.7020749
5213,1,-104.9730966,39.7400317
5213,1,-104.94772160000001,39.765265
5213,1,-104.94855840000001,39.672450500000004
5213,1,-104.97488500000001,39.754312299999995
5213,1,-104.9839522,39.755601500000004
5213,1,-104.9775385,39.7480841
5213,1,-104.96709320000001,39.762622799999995
5213,1,-104.97738580000001,39.7552129
5213,1,-104.97053329999999,39.7512648
5213,1,-105.00280900000001,39.7768292
5213,1,-104.94711090000001,39.76558060000001
5213,1,-104.9705327,39.7555803
5213,1,-105.00710579999999,39.725371
5213,1,-105.02601429999999,39.74508839999999
5213,1,-104.9817673,39.763920899999995
5213,1,-105.0672878,39.659767200000005
5213,1,-105.02277099999999,39.7184461
5213,1,-104.996475,39.736861700000006
5213,1,-104.82661999999999,39.7783829
5213,1,-105.00414340000002,39.7073907
5213,1,-104.903897,39.7270951
5213,1,-105.00871070000001,39.6967279
5213,1,-104.8927758,39.7394277
5213,1,-104.96463510000001,39.766356200000004
5213,1,-104.98812959999998,39.7319802
5213,1,-104.98514340000001,39.754676
5213,1,-104.8692531,39.6536276
5213,1,-105.03659840000002,39.74658
5213,1,-105.0345128,39.740930299999995
5213,1,-105.03728909999998,39.7367547
5213,1,-104.8453205,39.7913443
5213,1,-104.95942620000001,39.755878499999994
5213,1,-104.8192714,39.7906201
5213,1,-104.9670968,39.7588646
5213,1,-105.0489897,39.7270352
5213,1,-105.0306408,39.731292700000004
5213,1,-105.0160159,39.729380400000004
5213,1,-105.0384085,39.7141682
5213,1,-105.0504113,39.7004938
5213,1,-105.01757309999999,39.7340456
5213,1,-105.0478246,39.7042586
5213,1,-104.9474869,39.7657114
5213,1,-105.03921299999999,39.7345633
5213,1,-104.99130770000001,39.7443148
5213,1,-105.0262643,39.730185299999995
5213,1,-104.9640779,39.743386799999996
5213,1,-104.86167859999999,39.658201700000006
5213,1,-105.0046226,39.7548036
5213,1,-104.9643785,39.7664236
5213,1,-105.00681540000001,39.788422600000004
5213,1,-104.9889554,39.7557633
5213,1,-104.8421496,39.7955269
5213,1,-104.8258946,39.77463970000001
5213,1,-104.92770060000001,39.7074059
5213,1,-104.9681666,39.7655459
5213,1,-104.94255790000001,39.764642200000004
5213,1,-105.0294679,39.6755723
5213,1,-104.9440088,39.6740928
5213,1,-105.0346736,39.700083899999996
5213,1,-105.05016280000001,39.6987935
5213,1,-104.81603929999999,39.791436
5213,1,-104.9784095,39.7605514
5213,1,-104.95575490000002,39.7596445
5213,1,-104.9502992,39.76090670000001
5213,1,-104.92935359999998,39.762874200000006
5213,1,-104.9364195,39.7596029
5213,1,-104.87820990000002,39.723868200000005
5213,1,-105.00102549999998,39.669011700000006
5213,1,-104.9797146,39.75580789999999
5213,1,-104.9667625,39.765877200000006
5213,1,-105.0155616,39.71228370000001
5213,1,-104.9670968,39.7588646
5213,1,-105.00271299999999,39.753247200000004
5213,1,-105.0010241,39.7626754
5213,1,-105.0304772,39.707927000000005
5213,1,-105.0263035,39.705950099999995
5213,1,-104.90510249999998,39.703590399999996
5213,1,-105.0315883,39.7129361
5213,1,-104.9345206,39.687653399999995
5213,1,-104.9717639,39.765894200000005
5213,1,-105.0403135,39.721264
5213,1,-105.042025,39.7068689
5213,1,-104.95327040000001,39.763048100000006
5213,1,-105.0280679,39.7046779
5213,1,-105.0811029,39.6654177
5213,1,-105.03762659999998,39.7033652
5213,1,-104.8431927,39.78486470000001
5213,1,-105.02800239999999,39.736605299999994
5213,1,-105.03544099999999,39.7468225
5213,1,-105.0010905,39.7788314
5213,1,-104.99862250000001,39.673210100000006
5213,1,-104.8303592,39.778772100000005
5213,1,-104.83120629999999,39.7843333
5213,1,-104.9693118,39.7604064
5213,1,-104.97482099999999,39.755736799999994
5213,1,-104.87505320000001,39.7609485
5213,1,-104.9613303,39.765904600000006
5213,1,-105.0104348,39.6956314
5213,1,-104.94147949999999,39.7566704
5213,1,-104.98025030000001,39.7262355
5213,1,-105.04191979999999,39.701205
5213,1,-104.8689615,39.6540653
5213,1,-105.0349551,39.7090841
5213,1,-104.95426570000001,39.76177620000001
5213,1,-105.044127,39.721424400000004
5213,1,-105.0251341,39.7821208
5213,1,-104.96878590000001,39.7612798
5213,1,-104.8203972,39.79818710000001
5213,1,-105.0508236,39.7304656
5213,1,-105.0243013,39.6888333
5213,1,-104.92799209999998,39.7640727
5213,1,-105.05325659999998,39.6677832
5213,1,-105.028573,39.6728783
5213,1,-105.02994240000001,39.7463724
5213,1,-104.92170929999999,39.763737299999995
5213,1,-104.9707996,39.759800899999995
5213,1,-105.0300838,39.708290600000005
5213,1,-105.0166852,39.7803405
5213,1,-105.0286565,39.6789567
5213,1,-104.9762126,39.755139
5213,1,-105.0387447,39.7127695
5213,1,-104.9043111,39.760814700000005
5213,1,-104.96452340000002,39.771212
5213,1,-104.99831979999999,39.7498766
5213,1,-104.81123249999999,39.7859229
5213,1,-104.98294240000001,39.716012899999996
5213,1,-105.03424709999999,39.73971029999999
5213,1,-104.95202990000001,39.7633882
5213,1,-104.94061640000001,39.6740383
5213,1,-105.041871,39.7838095
5213,1,-104.92663190000002,39.7607636
5213,1,-104.9707713,39.7687338
5213,1,-104.8741264,39.7045826
5213,1,-105.049732,39.714423499999995
5213,1,-105.044854,39.718401899999996
5213,1,-104.9090676,39.753544500000004
5213,1,-104.96365729999998,39.781650899999995
5213,1,-104.95479170000002,39.7563402
5213,1,-104.97504690000001,39.7669
5213,1,-104.8380978,39.7930939
5213,1,-104.8203972,39.79818710000001
5213,1,-105.0384997,39.7002994
5213,1,-104.82608990000001,39.788002
5213,1,-104.8368721,39.788733
5213,1,-105.049466,39.7231772
5213,1,-104.8389569,39.797839700000004
5213,1,-104.98082179999999,39.740293799999996
5213,1,-105.03544699999999,39.7335739
5213,1,-104.92143259999999,39.7593325
5213,1,-105.03236470000002,39.735639899999995
5213,1,-105.0424327,39.736467299999994
5213,1,-104.96009579999999,39.7659264
5213,1,-105.01080729999998,39.6794164
5213,1,-105.0255803,39.7377513
5213,1,-105.0291614,39.7202179
5213,1,-104.98126189999999,39.755309600000004
5213,1,-104.9778994,39.7602746
5213,1,-104.9077507,39.7591382
5213,1,-104.95833770000002,39.766489299999996
5213,1,-105.0246993,39.7045628
5213,1,-104.9999509,39.753054299999995
5213,1,-104.8791923,39.723335299999995
5213,1,-104.9646324,39.758337299999994
5213,1,-105.0067861,39.6788066
5213,1,-105.0253774,39.7172927
5213,1,-105.04131740000001,39.7270412
5213,1,-105.0004598,39.7480217
5213,1,-104.83682459999999,39.7926282
5213,1,-105.0512771,39.700148399999996
5213,1,-105.0428601,39.7090739
5213,1,-104.8385823,39.7862499
5213,1,-105.04031409999999,39.649564700000006
5213,1,-104.89782009999999,39.7677766
5213,1,-104.84052779999999,39.7980709
5213,1,-104.972439,39.762221399999994
5213,1,-105.03245590000002,39.7406201
5213,1,-104.8332293,39.7931158
5213,1,-105.00849609999999,39.6893091
5213,1,-104.8424021,39.7853105
5213,1,-104.82974140000002,39.7864498
5213,1,-105.0578416,39.678087299999994
5213,1,-105.0465621,39.71704129999999
5213,1,-105.02800239999999,39.736605299999994
5213,1,-104.9257758,39.7601856
5213,1,-104.8311315,39.7936667
5213,1,-105.08615549999999,39.615750299999995
5213,1,-104.97399440000001,39.7663572
5213,1,-104.8327578,39.7832055
5213,1,-105.0308034,39.778215100000004
5213,1,-104.9160861,39.7657959
5213,1,-105.046225,39.702105700000004
5213,1,-104.8340973,39.7980182
5213,1,-105.0384997,39.7002994
5213,1,-104.99308529999999,39.7458598
5213,1,-105.0473798,39.7060029
5213,1,-104.998948,39.7211912
5213,1,-104.84115609999999,39.7849906
5213,1,-105.0508649,39.709587899999995
5213,1,-104.98137539999999,39.76064960000001
5213,1,-104.93438959999999,39.765640999999995
5213,1,-105.0260244,39.705174799999995
5213,1,-104.9707284,39.7400265
5213,1,-105.05112609999999,39.7065361
5213,1,-104.8286733,39.7891148
5213,1,-105.0354097,39.72470379999999
5213,1,-104.9845834,39.7398904
5213,1,-104.9305771,39.76333029999999
5213,1,-105.0397673,39.7254018
5213,1,-104.99192839999999,39.7533658
5213,1,-105.04548259999999,39.7338739
5213,1,-105.05533529999998,39.6755274
5213,1,-104.9884243,39.753476899999995
5213,1,-104.9909841,39.7433251
5213,1,-104.82601609999999,39.7742094
5213,1,-104.9904399,39.7438361
5213,1,-105.04053119999999,39.708650299999995
5213,1,-104.8289165,39.795301200000004
5213,1,-104.992456,39.7556549
5213,1,-104.9805078,39.73995479999999
5213,1,-105.03064029999999,39.722859299999996
5213,1,-105.05054579999998,39.7100122
5213,1,-104.9780505,39.7547875
5213,1,-104.8247989,39.7882911
5213,1,-105.0253486,39.722072100000005
5213,1,-104.9559402,39.766934
5213,1,-105.04993859999999,39.678891899999996
5213,1,-105.02042469999999,39.718447600000005
5213,1,-105.0538908,39.6658063
5213,1,-105.0490777,39.7122385
5213,1,-105.0504491,39.7312054
5213,1,-105.0280757,39.7109098
5213,1,-105.01063390000002,39.7037748
5213,1,-105.02547220000001,39.70117
5213,1,-104.9775385,39.7480841
5213,1,-104.9379442,39.773517600000005
5213,1,-105.0273021,39.688570899999995
5213,1,-104.92662040000002,39.7578233
5213,1,-105.04968079999999,39.6996839
5213,1,-105.02717870000001,39.7132122
5213,1,-105.030796,39.706497999999996
5213,1,-105.0336247,39.7322435
5213,1,-105.01775159999998,39.710159600000004
5213,1,-104.9883656,39.754698299999994
5213,1,-104.9472597,39.7660974
5213,1,-105.043502,39.7295205
5213,1,-104.837689,39.7870191
5213,1,-105.0345669,39.7199237
5213,1,-104.83312579999999,39.79801
5213,1,-105.04824920000001,39.6753055
5213,1,-104.99895719999999,39.7572338
5213,1,-104.90884469999999,39.679153799999995
5213,1,-104.98255719999999,39.760039899999995
5213,1,-104.87254750000001,39.655789399999996
5213,1,-104.998954,39.7517021
5213,1,-105.04097220000001,39.698285799999994
5213,1,-104.96090559999999,39.6717171
5213,1,-104.98098519999999,39.7768393
5213,1,-105.0775632,39.6609768
5213,1,-105.0177388,39.7073593
5213,1,-105.0429801,39.69065620000001
5213,1,-104.9340412,39.7634047
5213,1,-105.02800239999999,39.736605299999994
5213,1,-105.0355616,39.6759836
5213,1,-104.9921882,39.726834000000004
5213,1,-105.01104299999999,39.6822945
5213,1,-104.93201280000001,39.7608775
5213,1,-104.9175241,39.7665388
5213,1,-105.04676270000002,39.7333023
5213,1,-105.0389452,39.7055172
5213,1,-105.0410565,39.7049572
5213,1,-104.9540028,39.7685831
5213,1,-105.05052490000001,39.7293636
5213,1,-105.0299365,39.7202018
5213,1,-104.94160910000001,39.769872899999996
5213,1,-104.8406619,39.7857098
5213,1,-104.81072929999999,39.7893241
5213,1,-104.9832997,39.747618100000004
5213,1,-104.8254121,39.7981582
5213,1,-105.0263482,39.747255700000004
5213,1,-105.04571159999999,39.706748700000006
5213,1,-104.98738540000001,39.6922279
5213,1,-105.04571159999999,39.706748700000006
5213,1,-105.03210039999999,39.7171521
5213,1,-104.9870621,39.733551399999996
5213,1,-104.9999509,39.753054299999995
5213,1,-105.02717790000001,39.7128059
5213,1,-104.98238149999999,39.723137200000004
5213,1,-104.96099140000001,39.7544691
5213,1,-104.828334,39.7951854
5213,1,-105.0526186,39.719952500000005
5213,1,-105.0419345,39.7338025
5213,1,-104.9876835,39.7550769
5213,1,-105.0277473,39.70002879999999
5213,1,-104.9527264,39.77624470000001
5213,1,-104.9621162,39.768719299999994
5213,1,-105.0234831,39.7208951
5213,1,-104.9057219,39.76474210000001
5213,1,-105.03160179999999,39.7156979
5213,1,-104.92770060000001,39.7074059
5213,1,-104.9036067,39.655440500000005
5213,1,-104.9757501,39.714718299999994
5213,1,-105.0487865,39.7105353
5213,1,-104.96209650000002,39.781028899999995
5213,1,-104.84214279999999,39.7947362
5213,1,-104.839338,39.78610870000001
5213,1,-105.04039329999999,39.6879282
5213,1,-105.02835759999999,39.7631066
5213,1,-105.0258246,39.72054489999999
5213,1,-104.82734640000001,39.7953719
5213,1,-105.04973329999999,39.7164276
5213,1,-104.9837943,39.723423499999996
5213,1,-105.044454,39.7181505
5213,1,-104.92704499999999,39.698895
5213,1,-104.90653290000002,39.682801700000006
5213,1,-104.99819340000002,39.7754864
5213,1,-105.0320837,39.7111317
5213,1,-104.9646192,39.772637200000005
5213,1,-105.04591570000001,39.7081606
5213,1,-104.988708,39.753596200000004
5213,1,-104.99138400000001,39.753887799999994
5213,1,-105.0380606,39.7292192
5213,1,-105.0354097,39.7252501
5213,1,-104.83392690000001,39.779247999999995
5213,1,-105.0244247,39.7230567
5213,1,-105.0285142,39.7064916
5213,1,-104.9532926,39.7647722
5213,1,-105.0057466,39.7729626
5213,1,-104.96631599999999,39.7591136
5213,1,-104.9238814,39.76347620000001
5213,1,-104.9748989,39.7581584
5213,1,-105.02697649999999,39.7084099
5213,1,-104.8467394,39.797169399999994
5213,1,-104.81929840000001,39.780874600000004
5213,1,-105.024654,39.680826700000004
5213,1,-105.04979170000001,39.733366100000005
5213,1,-104.99569170000001,39.747875
5213,1,-104.93925790000002,39.676442200000004
5213,1,-105.0466122,39.708734299999996
5213,1,-104.97902109999998,39.754366299999994
5213,1,-105.0396933,39.706338200000005
5213,1,-104.83938140000001,39.7962279
5213,1,-105.0044357,39.78224960000001
5213,1,-104.9883004,39.741702000000004
5213,1,-105.0351051,39.724526899999994
5213,1,-105.04542479999999,39.723581700000004
5213,1,-104.82191390000001,39.79261470000001
5213,1,-105.02454740000002,39.657216399999996
5213,1,-105.0246294,39.733242499999996
5213,1,-105.03159029999999,39.713702000000005
5213,1,-104.8899261,39.7518518
5213,1,-104.90065459999998,39.7337469
5213,1,-105.02068840000001,39.7318813
5213,1,-104.9646324,39.758337299999994
5213,1,-105.000028,39.751218
5213,1,-104.82354709999998,39.7981722
5213,1,-104.8124727,39.7951542
5213,1,-104.99221170000001,39.745194399999995
5213,1,-104.95212020000001,39.7627627
5213,1,-104.98337409999999,39.7510281
5213,1,-105.0298078,39.7049265
5213,1,-104.99208090000002,39.7789686
5213,1,-104.9705362,39.758413399999995
5213,1,-104.8692531,39.6536276
5213,1,-104.94349440000002,39.769453600000006
5213,1,-105.03270359999999,39.7434734
5213,1,-104.9853607,39.7502736
5213,1,-104.757378,39.7817824
5213,1,-104.819229,39.7880201
5213,1,-104.9254524,39.7684006
5213,1,-105.03426809999999,39.7327951
5213,1,-104.9693757,39.769348
5213,1,-105.0434899,39.72590770000001
5213,1,-104.8232304,39.794480799999995
5213,1,-104.88970520000001,39.740455
5213,1,-105.0067861,39.6788066
5213,1,-104.97324820000001,39.7648275
5213,1,-104.83540579999999,39.791758200000004
5213,1,-104.94906759999999,39.7628363
5213,1,-104.8559293,39.795921500000006
5213,1,-104.95929440000002,39.7678966
5213,1,-104.9938055,39.7520068
5213,1,-104.9463176,39.770084600000004
5213,1,-104.84218320000001,39.780960799999995
5213,1,-104.87812530000001,39.7237826
5213,1,-104.9779121,39.754268100000004
5213,1,-105.0215124,39.71482
5213,1,-104.9715054,39.754409700000004
5213,1,-104.96839309999999,39.7713256
5213,1,-105.04055420000002,39.72250579999999
5213,1,-105.0342047,39.723600899999994
5213,1,-104.9204717,39.7331544
5213,1,-105.0247476,39.7231541
5213,1,-105.0236341,39.7274432
5213,1,-104.9690406,39.7581706
5213,1,-104.94066540000001,39.740128999999996
5213,1,-105.04548170000001,39.727977100000004
5213,1,-105.02546650000001,39.71515720000001
5213,1,-104.9394202,39.734865899999996
5213,1,-104.931148,39.75829
5213,1,-105.04491180000001,39.7144324
5213,1,-104.9242853,39.7684333
5213,1,-104.97546170000001,39.739501399999995
5213,1,-104.9539982,39.7623267
5213,1,-104.8075172,39.7873946
5213,1,-104.96632859999998,39.7602639
5213,1,-104.9882243,39.7375179
5213,1,-105.06776869999999,39.664724299999996
5213,1,-104.8962144,39.7344819
5213,1,-105.0187824,39.7707902
5213,1,-105.0359558,39.7426545
5213,1,-105.0180649,39.7023203
5213,1,-104.8347245,39.794175700000004
5213,1,-104.99858789999999,39.767587299999995
5213,1,-104.83320040000001,39.7789474
5213,1,-104.88644099999999,39.7355569
5213,1,-105.03956090000001,39.7010585
5213,1,-105.03333710000001,39.7375215
5213,1,-105.03248149999999,39.7245192
5213,1,-105.03757479999999,39.707447200000004
5213,1,-104.96221509999998,39.7632458
5213,1,-104.9687607,39.760371
5213,1,-104.96308570000001,39.767087599999996
5213,1,-105.05232340000002,39.6581463
5213,1,-105.0519642,39.73614439999999
5213,1,-105.0378133,39.7047001
5213,1,-105.0490987,39.6973591
5213,1,-104.96210259999998,39.7820886
5213,1,-105.03400309999999,39.7041745
5213,1,-104.96419170000001,39.743392799999995
5213,1,-104.98861219999999,39.7325973
5213,1,-104.98849059999999,39.7551216
5213,1,-104.89629280000001,39.741062799999995
5213,1,-105.0456327,39.6986196
5213,1,-105.0221826,39.7328098
5213,1,-104.94564340000001,39.7568164
5213,1,-105.0510254,39.701168700000004
5213,1,-105.04715490000001,39.7336909
5213,1,-104.96356090000002,39.7682126
5213,1,-105.00425249999999,39.731187299999995
5213,1,-105.02464440000001,39.6985119
5213,1,-105.02916909999999,39.7227738
5213,1,-104.9785878,39.754271100000004
5213,1,-105.0257239,39.676018400000004
5213,1,-104.9630972,39.7665056
5213,1,-105.0352078,39.692929
5213,1,-104.9707713,39.7687338
5213,1,-104.9596585,39.7663499
5213,1,-104.97437140000001,39.752135700000004
5213,1,-104.8400277,39.793736100000004
5213,1,-105.04055600000001,39.7227804
5213,1,-105.03764699999999,39.7159112
5213,1,-104.9265104,39.6755955
5213,1,-104.9634462,39.7594849
5213,1,-104.92760530000001,39.7648368
5213,1,-104.96699,39.7504636
5213,1,-104.9927663,39.754064
5213,1,-104.9149249,39.760854200000004
5213,1,-104.96969009999998,39.740024600000005
5213,1,-104.8428382,39.790795200000005
5213,1,-104.95181299999999,39.7556428
5213,1,-105.0264244,39.7059534
5213,1,-104.9708919,39.74946
5213,1,-104.90983519999999,39.633610499999996
5213,1,-105.04249469999999,39.7858379
5213,1,-105.02469920000001,39.717704499999996
5213,1,-104.927829,39.693833700000006
5213,1,-105.0254847,39.7177104
5213,1,-104.92650970000001,39.7783078
5213,1,-104.99726740000001,39.7314733
5213,1,-104.9941864,39.746537100000005
5213,1,-104.91109540000001,39.6785255
5213,1,-104.954054,39.7336829
5213,1,-104.90354609999999,39.6985338
5213,1,-104.8371551,39.7866565
5213,1,-104.9840614,39.6803371
5213,1,-105.0589233,39.6766912
5213,1,-104.89536149999999,39.7335963
5213,1,-104.8861273,39.7421412
5213,1,-104.9425399,39.769583600000004
5213,1,-104.96221159999999,39.766957299999994
5213,1,-104.9793269,39.7601217
5213,1,-104.9427625,39.7693321
5213,1,-104.9799075,39.738425799999995
5213,1,-104.9530298,39.765630200000004
5213,1,-105.02506140000001,39.6967456
5213,1,-104.9825148,39.7421763
5213,1,-104.95564420000001,39.766109
5213,1,-105.0214361,39.6869219
5213,1,-105.0014243,39.7464115
5213,1,-104.95585619999999,39.7662885
5213,1,-105.0064565,39.7145711
5213,1,-105.0420821,39.7133727
5213,1,-104.87364620000001,39.67317070000001
5213,1,-105.0455665,39.719272100000005
5213,1,-104.91965320000001,39.763315399999996
5213,1,-105.0176821,39.6644141
5213,1,-104.9429335,39.7728798
5213,1,-104.976598,39.715416600000005
5213,1,-104.88670590000001,39.7390146
5213,1,-104.8325345,39.7898396
5213,1,-104.8059542,39.7925135
5213,1,-105.0398875,39.6984161
5213,1,-105.04450590000002,39.684973799999995
5213,1,-105.0208539,39.7742851
5213,1,-105.04557109999999,39.7366662
5213,1,-104.9473402,39.774391200000004
5213,1,-104.9285592,39.761709100000004
5213,1,-104.9744196,39.740962700000004
5213,1,-105.0477783,39.716411799999996
5213,1,-104.89536149999999,39.7335963
5213,1,-105.000295,39.7476805
5213,1,-105.04830159999999,39.7262365
5213,1,-105.0160341,39.7045851
5213,1,-105.0028092,39.766260100000004
5213,1,-104.92663909999999,39.7659768
5213,1,-105.01551429999999,39.7875885
5213,1,-105.04588759999999,39.685045
5213,1,-104.9763138,39.7639682
5213,1,-104.9601071,39.763076899999994
5213,1,-105.04106019999999,39.6984206
5213,1,-104.92971750000001,39.7614374
5213,1,-105.0024314,39.7383008
5213,1,-104.9831528,39.7443891
5213,1,-104.827649,39.7935069
5213,1,-105.0100264,39.6961047
5213,1,-104.88850790000001,39.7374839
5213,1,-105.0205123,39.731128399999996
5213,1,-105.0155684,39.712846500000005
5213,1,-105.0246916,39.7072751
5213,1,-104.82534659999999,39.7916544
5213,1,-104.90974070000001,39.7627335
5213,1,-104.97893329999998,39.7628296
5213,1,-104.9927663,39.754064
5213,1,-104.8182631,39.796233799999996
5213,1,-104.9964077,39.7289028
5213,1,-104.9384011,39.7346826
5213,1,-105.0427129,39.73603189999999
5213,1,-104.8059542,39.7925135
5213,1,-105.0798832,39.635349100000006
5213,1,-104.9741409,39.7368628
5213,1,-105.08784209999999,39.6338262
5213,1,-104.89132649999999,39.7421271
5213,1,-104.97052579999999,39.761208
5213,1,-105.0346128,39.7365739
5213,1,-104.80800490000001,39.7949441
5213,1,-105.0250608,39.6894843
5213,1,-104.8884875,39.739411
5213,1,-104.96699,39.7504636
5213,1,-105.03613770000001,39.7425646
5213,1,-104.8951928,39.7465642
5213,1,-104.89910479999999,39.7428204
5213,1,-104.9840263,39.7909686
5213,1,-104.8259173,39.781901
5213,1,-105.0352381,39.6990951
5213,1,-105.03611049999999,39.71496629999999
5213,1,-104.8358374,39.798033600000004
5213,1,-105.02773059999998,39.7019862
5213,1,-105.04256709999999,39.696773799999995
5213,1,-104.8828567,39.6616065
5213,1,-105.0488318,39.700180200000005
5213,1,-104.7433173,39.7744344
5213,1,-104.96462790000001,39.749601899999995
5213,1,-104.9663832,39.768041499999995
5213,1,-104.9317638,39.7635117
5213,1,-105.040021,39.713282299999996
5213,1,-105.02622579999999,39.6969425
5213,1,-105.0290136,39.7130988
5213,1,-104.94712,39.7608094
5213,1,-105.0370882,39.7020124
5213,1,-104.9278537,39.7688323
5213,1,-104.8770369,39.756673600000006
5213,1,-105.04306399999999,39.703971200000005
5213,1,-105.0193608,39.6890219
5213,1,-104.99671029999999,39.726364700000005
5213,1,-104.9814233,39.758497600000005
5213,1,-105.04545890000001,39.6535737
5213,1,-104.9285452,39.766040999999994
5213,1,-104.9539382,39.7704853
5213,1,-104.97822790000001,39.7586701
5213,1,-104.99884270000001,39.741401399999994
5213,1,-105.0304939,39.735709299999996
5213,1,-105.0560926,39.675445200000006
5213,1,-105.03247409999999,39.7181529
5213,1,-105.0453237,39.7007927
5213,1,-105.0277883,39.7118942
5213,1,-105.0513543,39.7314312
5213,1,-105.0363813,39.699258799999996
5213,1,-104.7345673,39.774888399999995
5213,1,-104.99398240000001,39.753119399999996
5213,1,-105.0512652,39.7386948
5213,1,-104.9675623,39.743476799999996
5213,1,-104.932814,39.763407
5213,1,-105.02721100000001,39.6741356
5213,1,-104.91081969999999,39.7397336
5213,1,-104.96311180000001,39.757174600000006
5213,1,-105.0387362,39.732988399999996
5213,1,-105.04001550000001,39.7049009
5213,1,-104.81531190000001,39.779934600000004
5213,1,-105.02468950000001,39.65879279999999
5213,1,-104.98485910000001,39.735274
5213,1,-105.04514640000002,39.7007316
5213,1,-104.9870621,39.733551399999996
5213,1,-104.7352458,39.7847621
5213,1,-104.74605840000001,39.7944623
5213,1,-105.04640719999999,39.733301000000004
5213,1,-104.9532923,39.757961200000004
5213,1,-105.02679029999999,39.777120200000006
5213,1,-105.0260284,39.7335226
5213,1,-104.8885241,39.7352136
5213,1,-104.8248039,39.7870365
5213,1,-104.99752109999999,39.731304200000004
5213,1,-105.0381716,39.6966908
5213,1,-104.9459088,39.7682406
5213,1,-105.03697109999999,39.712757
5213,1,-105.02216409999998,39.770491
5213,1,-105.03206850000001,39.7405939
5213,1,-105.03613440000001,39.7317785
5213,1,-104.9625529,39.7646638
5213,1,-104.96632859999998,39.7602639
5213,1,-104.9756703,39.7539314
5213,1,-104.95153459999999,39.7580409
5213,1,-105.02552040000002,39.7297898
5213,1,-104.98450700000001,39.7599661
5213,1,-104.92077420000001,39.7611
5213,1,-104.94514699999999,39.7692006
5213,1,-105.0365322,39.7000967
5213,1,-105.0419385,39.736462700000004
5213,1,-104.96687279999999,39.76821939999999
5213,1,-105.03420940000001,39.72664
5213,1,-104.81845059999999,39.7817098
5213,1,-104.95099979999999,39.771825
5213,1,-104.8960203,39.74008679999999
5213,1,-105.03670459999998,39.7148973
5213,1,-104.9293497,39.7637966
5213,1,-104.9297868,39.7616656
5213,1,-104.929175,39.7638479
5213,1,-104.98142309999999,39.7469867
5213,1,-104.8916834,39.741977899999995
5213,1,-105.0848764,39.6333875
5213,1,-104.87254750000001,39.655789399999996
5213,1,-105.0405314,39.7167571
5213,1,-104.9701429,39.7596278
5213,1,-105.04426459999999,39.7265091
5213,1,-104.96807609999999,39.76340689999999
5213,1,-104.81835,39.77559
5213,1,-104.9687675,39.7580705
5213,1,-104.975554,39.747611299999996
5213,1,-104.8316434,39.7847695
5213,1,-104.9726822,39.763938200000005
5213,1,-105.03805870000001,39.7284313
5213,1,-104.9520433,39.7625867
5213,1,-104.8317078,39.7787605
5213,1,-104.97960320000001,39.7430173
5213,1,-104.9822436,39.7408492
5213,1,-104.9036335,39.781513200000006
5213,1,-105.0219159,39.756283399999994
5213,1,-104.8849888,39.7823479
5213,1,-104.8369281,39.7865783
5213,1,-105.03445829999998,39.7293203
5213,1,-104.9536497,39.7632255
5213,1,-104.8236276,39.797571500000004
5213,1,-104.91583100000001,39.7673814
5213,1,-105.02235459999999,39.7002432
5213,1,-104.9158176,39.7655695
5213,1,-104.95514920000001,39.7680037
5213,1,-105.03660420000001,39.7037263
5213,1,-104.94227679999999,39.7691184
5213,1,-104.9572469,39.7663196
5213,1,-104.8907578,39.74045220000001
5213,1,-105.0452358,39.725867799999996
5213,1,-104.8288318,39.793741499999996
5213,1,-105.03886750000001,39.7038285
5213,1,-105.0191327,39.7606891
5213,1,-105.00389990000001,39.7770122
5213,1,-104.84231820000001,39.7976609
5213,1,-105.01776559999999,39.668807
5213,1,-104.87138600000002,39.6653178
5213,1,-104.9873914,39.7400591
5213,1,-105.0507675,39.697030600000005
5213,1,-104.91028030000001,39.7658246
5213,1,-105.03587420000001,39.724351500000004
5213,1,-105.0428527,39.7074926
5213,1,-104.8692531,39.6536276
5213,1,-104.9590197,39.729738899999994
5213,1,-104.9819842,39.7307152
5213,1,-105.0532726,39.716627700000004
5213,1,-105.0034058,39.7528466
5213,1,-105.0448889,39.6949435
5213,1,-105.0299365,39.7202018
5213,1,-104.8472417,39.7952148
5213,1,-105.01102069999999,39.7130473
5213,1,-105.0509227,39.7222027
5213,1,-105.03541979999999,39.725862299999996
5213,1,-105.039221,39.7338907
5213,1,-104.9293744,39.7646971
5213,1,-104.97395719999999,39.7646852
5213,1,-105.0067861,39.6788066
5213,1,-104.96723300000001,39.7400107
5213,1,-105.048148,39.73351629999999
5213,1,-105.03358519999999,39.702888
5213,1,-104.99192839999999,39.7533658
5213,1,-104.9879392,39.7556271
5213,1,-105.0526013,39.6975866
5213,1,-105.0470469,39.7245405
5213,1,-105.0453803,39.7205782
5213,1,-105.0053733,39.7129194
5213,1,-105.047326,39.7044297
5213,1,-104.9948067,39.7497765
5213,1,-105.03293909999998,39.763641
5213,1,-105.03195890000002,39.662174
5213,1,-104.9483747,39.7649963
5213,1,-105.00623610000001,39.6857829
5213,1,-105.02552060000001,39.728178299999996
5213,1,-104.9899135,39.7526516
5213,1,-104.9427578,39.7708145
5213,1,-104.8340738,39.79225039999999
5213,1,-104.8383762,39.7858425
5213,1,-105.0485116,39.7101719
5213,1,-104.7718897,39.8254758
5213,1,-104.8962144,39.7344819
5213,1,-104.8380585,39.7769104
5213,1,-104.74551020000001,39.783895
5213,1,-105.03270220000002,39.7100607
5213,1,-105.0330058,39.739216799999994
5213,1,-105.03118559999999,39.7269135
5213,1,-105.0383275,39.6773177
5213,1,-105.03645300000001,39.71639520000001
5213,1,-105.0304772,39.707927000000005
5213,1,-104.88499499999999,39.7358184
5213,1,-105.03720929999999,39.719752899999996
5213,1,-105.03087920000002,39.716911200000006
5213,1,-105.0027792,39.78003
5213,1,-104.9476459,39.770810100000006
5213,1,-104.9425327,39.77138720000001
5213,1,-104.98952390000001,39.7411912
5213,1,-104.8969229,39.638428999999995
5213,1,-105.03838700000001,39.7282432
5213,1,-105.03147179999999,39.7128039
5213,1,-104.8119376,39.7945581
5213,1,-104.98202109999998,39.7416059
5213,1,-104.9519081,39.7648591
5213,1,-105.03273840000001,39.739317299999996
5213,1,-104.81221529999999,39.7778659
5213,1,-105.0512216,39.7166117
5213,1,-105.0481902,39.7319352
5213,1,-104.94983559999999,39.759246399999995
5213,1,-104.7730205,39.8232097
5213,1,-104.9562899,39.7667874
5213,1,-105.052908,39.6957457
5213,1,-104.93087179999999,39.7603312
5213,1,-105.05213429999999,39.7100567
5213,1,-105.0436649,39.7334386
5213,1,-104.8141728,39.795263
5213,1,-104.8451743,39.7974709
5213,1,-104.8962144,39.7344819
5213,1,-104.97764129999999,39.740005200000006
5213,1,-105.025477,39.716752299999996
5213,1,-105.0470469,39.7245405
5213,1,-104.8713764,39.6719423
5213,1,-104.89958370000001,39.7421338
5213,1,-105.04340570000001,39.69842979999999
5213,1,-104.8967031,39.7454573
5213,1,-104.88925049999999,39.7404033
5213,1,-105.0100067,39.7141961
5213,1,-104.89536149999999,39.7335963
5213,1,-104.9963717,39.722525399999995
5213,1,-104.9650077,39.7702177
5213,1,-105.0489897,39.7270352
5213,1,-104.8827912,39.774119899999995
5213,1,-105.04852340000002,39.7177297
5213,1,-104.95455929999999,39.7656401
5213,1,-104.93907859999999,39.764680600000005
5213,1,-104.96894669999999,39.7583651
5213,1,-105.02833170000001,39.7331119
5213,1,-105.02503859999999,39.682269500000004
5213,1,-104.8385022,39.79549
5213,1,-105.0020071,39.741963899999995
5213,1,-104.91140890000001,39.7597797
5213,1,-104.842816,39.7920249
5213,1,-104.95450659999999,39.7641876
5213,1,-105.04908400000001,39.7400234
5213,1,-105.0532471,39.7273342
5213,1,-105.0326315,39.701994799999994
5213,1,-105.04323559999999,39.6847026
5213,1,-105.04694170000002,39.7193516
5213,1,-105.0509525,39.7158804
5213,1,-104.94368970000001,39.768598
5213,1,-104.9520639,39.7654144
5213,1,-105.0243578,39.6741955
5213,1,-105.00384150000001,39.7727102
5213,1,-105.0190075,39.7784256
5213,1,-105.0521104,39.732178000000005
5213,1,-105.0365122,39.729484899999996
5213,1,-105.03775800000001,39.7567859
5213,1,-105.03406869999999,39.7183953
5213,1,-105.0426097,39.7038679
5213,1,-105.0374423,39.673635499999996
5213,1,-105.04878059999999,39.7098078
5213,1,-105.00155179999999,39.7695051
5213,1,-105.0177364,39.69943370000001
5213,1,-105.07321429999999,39.6372441
5213,1,-105.0520078,39.7204059
5213,1,-104.8190275,39.79740770000001
5213,1,-105.0452991,39.70951710000001
5213,1,-105.03790959999999,39.694927299999996
5213,1,-105.0654222,39.6667939
5213,1,-105.03474890000001,39.7031974
5213,1,-104.9164004,39.765635499999995
5213,1,-104.8313929,39.79424470000001
5213,1,-104.93422029999999,39.754000299999994
5213,1,-104.95099979999999,39.771825
5213,1,-104.9968601,39.7441437
5213,1,-105.0607932,39.654936
5213,1,-104.9167317,39.7681518
5213,1,-105.0520586,39.729155299999995
5213,1,-105.02991499999999,39.712270600000004
5213,1,-104.8104578,39.7930506
5213,1,-104.953122,39.7638408
5213,1,-105.02638259999999,39.7110924
5213,1,-104.8272803,39.7892881
5213,1,-104.8893571,39.6444325
5213,1,-104.92917630000001,39.7628074
5213,1,-105.03277240000001,39.740618700000006
5213,1,-105.06071419999999,39.6363388
5213,1,-105.0085524,39.7553636
5213,1,-104.9928504,39.734562
5213,1,-105.03559340000001,39.701257
5213,1,-104.95696509999999,39.760904700000005
5213,1,-104.9695004,39.740185700000005
5213,1,-105.0405392,39.719914200000005
5213,1,-104.99047970000001,39.728075700000005
5213,1,-104.94956359999999,39.7671706
5213,1,-105.0266495,39.7310626
5213,1,-105.0502074,39.7001416
5213,1,-105.0049104,39.7014531
5213,1,-105.0475457,39.7260277
5213,1,-104.84674270000001,39.7968208
5213,1,-104.8663377,39.6602722
5213,1,-105.0157607,39.69990870000001
5213,1,-104.88553300000001,39.738138299999996
5213,1,-105.03171370000001,39.7047941
5213,1,-105.03869650000001,39.689294200000006
5213,1,-105.03087920000002,39.716911200000006
5213,1,-104.9650091,39.770489500000004
5213,1,-105.0429986,39.7281981
5213,1,-104.9480486,39.7793085
5213,1,-104.8376365,39.797464399999996
5213,1,-105.05102690000001,39.7014872
5213,1,-104.96347479999999,39.7715614
5213,1,-104.96957479999999,39.757613
5213,1,-104.7360181,39.7827906
5213,1,-104.9360127,39.7703816
5213,1,-105.04731389999999,39.7184223
5213,1,-105.00123629999999,39.748843
5213,1,-105.02800239999999,39.736605299999994
5213,1,-105.0365748,39.7210901
5213,1,-104.7567318,39.779980200000004
5213,1,-104.9426013,39.7569393
5213,1,-104.9584812,39.7663308
5213,1,-105.0368518,39.7001392
5213,1,-105.003281,39.7704623
5213,1,-105.0532445,39.7729465
5213,1,-105.03977250000001,39.6877693
5213,1,-104.8932034,39.7397401
5213,1,-105.0480527,39.701953499999995
5213,1,-105.0266919,39.71476679999999
5213,1,-105.02506140000001,39.6967456
5213,1,-104.9473402,39.774391200000004
5213,1,-104.9196495,39.764191100000005
5213,1,-105.03213799999999,39.726442299999995
5213,1,-104.9526115,39.7654334
5213,1,-104.9855592,39.778479100000006
5213,1,-104.9775385,39.7480841
5213,1,-104.8368311,39.7900642
5213,1,-105.00623610000001,39.6857829
5213,1,-105.03225970000001,39.718325
5213,1,-104.9671834,39.7582391
5213,1,-105.0513182,39.7281807
5213,1,-104.84067809999999,39.781334
5213,1,-104.88818959999999,39.7372764
5213,1,-105.0011129,39.782194399999995
5213,1,-104.97645220000001,39.736867600000004
5213,1,-105.0248072,39.7117284
5213,1,-105.03484170000002,39.7379777
5213,1,-104.9933483,39.7458692
5213,1,-104.99378440000001,39.7475429
5213,1,-104.9104975,39.726875799999995
5213,1,-105.04776409999998,39.7153109
5213,1,-104.9858055,39.735203999999996
5213,1,-104.8311315,39.7936667
5213,1,-104.93655679999999,39.7642101
5213,1,-105.03213799999999,39.726442299999995
5213,1,-104.94655619999999,39.76418889999999
5213,1,-105.02362020000001,39.7902241
5213,1,-105.04168770000001,39.7079081
5213,1,-104.9485415,39.7596192
5213,1,-105.0373923,39.7054782
5213,1,-104.9646685,39.7424287
5213,1,-105.0218486,39.7348591
5213,1,-104.9295142,39.7431447
5213,1,-105.0417759,39.699848200000005
5213,1,-105.03731499999999,39.7037318
5213,1,-104.9775642,39.747494
5213,1,-104.9743666,39.7508729
5213,1,-104.8218387,39.798178899999996
5213,1,-105.04802250000002,39.7221037
5213,1,-104.74429429999999,39.7762141
5213,1,-104.9452774,39.7738571
5213,1,-105.03524420000001,39.71480089999999
5213,1,-105.0110294,39.6786459
5213,1,-104.9980489,39.7459881
5213,1,-104.9680773,39.759964399999994
5213,1,-104.8398964,39.7974744
5213,1,-104.9335086,39.7025309
5213,1,-104.84184990000001,39.7865126
5213,1,-104.8203271,39.7955073
5213,1,-104.8434824,39.7862225
5213,1,-105.0378189,39.7070776
5213,1,-105.02414040000001,39.7403425
5213,1,-104.9441341,39.7565237
5213,1,-104.84268879999999,39.7930647
5213,1,-105.0118983,39.6870365
5213,1,-104.94459009999999,39.7680999
5213,1,-104.81236949999999,39.791532600000004
5213,1,-105.04877649999999,39.708223700000005
5213,1,-104.83312579999999,39.79801
5213,1,-105.02596299999999,39.714802299999995
5213,1,-105.0483967,39.7352083
5213,1,-105.04005829999998,39.722778399999996
5213,1,-105.01917390000001,39.7619521
5213,1,-104.99138400000001,39.753887799999994
5213,1,-105.03021580000001,39.7066302
5213,1,-105.023053,39.6659844
5213,1,-105.02455829999998,39.660859499999994
5213,1,-105.03721429999999,39.715764
5213,1,-105.04848729999999,39.7056695
5213,1,-104.8271875,39.7982151
5213,1,-104.8919926,39.7395335
5213,1,-104.8897463,39.7365569
5213,1,-105.0473473,39.7104941
5213,1,-105.0446477,39.7096711
5213,1,-104.8137141,39.7817729
5213,1,-104.9712257,39.76791779999999
5213,1,-105.0513827,39.6730691
5213,1,-104.95452709999999,39.767948700000005
5213,1,-105.0420351,39.708041200000004
5213,1,-105.0257331,39.706733
5213,1,-104.79515909999999,39.784183399999996
5213,1,-104.9590197,39.729738899999994
5213,1,-105.04600020000001,39.7165175
5213,1,-104.8920057,39.7433605
5213,1,-105.0456135,39.679086600000005
5213,1,-105.03211909999999,39.7239523
5213,1,-104.8173736,39.792552799999996
5213,1,-105.03728259999998,39.742053000000006
5213,1,-105.0291152,39.7228587
5213,1,-105.0494872,39.7254119
5213,1,-104.97037160000001,39.7378232
5213,1,-104.9297156,39.7594855
5213,1,-105.0436006,39.7247414
5213,1,-104.82349140000001,39.7851402
5213,1,-104.8913648,39.7418061
5213,1,-105.0495537,39.7283414
5213,1,-104.9688058,39.7436306
5213,1,-104.98107749999998,39.747545200000005
5213,1,-105.04256670000001,39.6635775
5213,1,-104.9864765,39.756713299999994
5213,1,-104.83785479999999,39.793951799999995
5213,1,-105.005273,39.7337035
5213,1,-105.0363348,39.711683799999996
5213,1,-105.0432851,39.7213305
5213,1,-105.0473537,39.7309766
5213,1,-105.0408381,39.723138299999995
5213,1,-104.8920024,39.7457845
5213,1,-104.8419548,39.7980844
5213,1,-104.74421009999999,39.79128239999999
5213,1,-105.0405475,39.7219046
5213,1,-105.03361000000001,39.718948100000006
5213,1,-104.838151,39.7900936
5213,1,-105.0806429,39.663324100000004
5213,1,-105.0257,39.761061700000006
5213,1,-105.0248403,39.723632099999996
5213,1,-105.0512166,39.659037100000006
5213,1,-105.0695685,39.6579719
5213,1,-104.8174839,39.794013899999996
5213,1,-105.0465621,39.71704129999999
5213,1,-104.736496,39.7853028
5213,1,-104.90913770000002,39.7680261
5213,1,-104.8963318,39.7394295
5213,1,-105.0482426,39.7387025
5213,1,-104.9552493,39.756493299999995
5213,1,-104.9249154,39.7657763
5213,1,-104.89833870000001,39.7359506
5213,1,-104.95079799999999,39.7621636
5213,1,-105.01455690000002,39.7788905
5213,1,-104.97442649999999,39.754752200000006
5213,1,-105.04638290000001,39.733753799999995
5213,1,-104.9717443,39.7670746
5213,1,-105.0507699,39.7388494
5213,1,-105.0130791,39.7667779
5213,1,-105.0280707,39.704266100000005
5213,1,-104.9612535,39.782850599999996
5213,1,-105.02552040000002,39.7297898
5213,1,-105.0385426,39.6829684
5213,1,-105.046376,39.7040279
5213,1,-105.0411955,39.7076261
5213,1,-104.8486352,39.7976795
5213,1,-105.03335929999999,39.726705200000005
5213,1,-105.03868670000001,39.7275443
5213,1,-104.8259803,39.785703600000005
5213,1,-104.94717790000001,39.765644099999996
5213,1,-104.98463249999999,39.7801469
5213,1,-105.0460662,39.70577
5213,1,-104.96314029999999,39.7418425
5213,1,-105.04730759999998,39.738674200000005
5213,1,-104.82082709999999,39.7890836
5213,1,-105.0451938,39.6977998
5213,1,-104.8370439,39.7950261
5213,1,-104.8796125,39.6537102
5213,1,-104.81962779999999,39.797526500000004
5213,1,-105.0259735,39.7163946
5213,1,-104.98731709999998,39.7312492
5213,1,-105.04174340000002,39.722782200000005
5213,1,-104.8165277,39.7909886
5213,1,-105.0257157,39.742973299999996
5213,1,-104.83251740000001,39.7766924
5213,1,-105.0440055,39.738480200000005
5213,1,-105.04005190000001,39.7183255
5213,1,-105.0413034,39.7259074
5213,1,-105.0418192,39.723142200000005
5213,1,-105.04895490000001,39.7108819
5213,1,-104.88738400000001,39.737102
5213,1,-105.048235,39.7006941
5213,1,-105.05217759999998,39.6548266
5213,1,-104.96667990000002,39.783751
5213,1,-104.89251770000001,39.739668
5213,1,-105.0177374,39.7065303
5213,1,-104.95890220000001,39.767098600000004
5213,1,-105.0521581,39.707451500000005
5213,1,-105.05532290000001,39.6600987
5213,1,-105.0456457,39.7147317
5213,1,-104.97336000000001,39.7494765
5213,1,-105.03755149999999,39.7244679
5213,1,-105.04097009999998,39.710013700000005
5213,1,-105.03521370000001,39.66575039999999
5213,1,-105.0398606,39.7057706
5213,1,-105.0381591,39.7223619
5213,1,-105.0291456,39.71515
5213,1,-104.8115003,39.77387279999999
5213,1,-104.96012490000001,39.7529003
5213,1,-104.8421573,39.785235
5213,1,-104.9349888,39.763230799999995
5213,1,-104.94406200000002,39.7709964
5213,1,-105.0393886,39.6959131
5213,1,-105.03403279999999,39.7114881
5213,1,-105.04458149999999,39.7056215
5213,1,-104.8925618,39.650412
5213,1,-104.9985022,39.7457485
5213,1,-104.89989409999998,39.732872799999996
5213,1,-104.828023,39.782344099999996
5213,1,-105.0378915,39.7165601
5213,1,-104.94648870000002,39.7713894
5213,1,-105.00518559999999,39.734496500000006
5213,1,-104.8849955,39.7361726
5213,1,-105.0420439,39.71050379999999
5213,1,-104.99862920000001,39.737444599999996
5213,1,-105.0297173,39.6876636
5213,1,-105.040443,39.7237545
5213,1,-104.9834085,39.7536088
5213,1,-105.0489897,39.7270352
5213,1,-105.0098122,39.7730701
5213,1,-105.0241256,39.735184100000005
5213,1,-104.9446126,39.7872672
5213,1,-104.9618622,39.7689131
5213,1,-104.89200159999999,39.7417737
5213,1,-104.99320530000001,39.727274799999996
5213,1,-104.9223399,39.6893594
5213,1,-104.9254425,39.7600605
5213,1,-105.02561440000001,39.6669886
5213,1,-105.0301563,39.7319661
5213,1,-105.02800239999999,39.736605299999994
5213,1,-104.8902581,39.741487400000004
5213,1,-105.04305049999999,39.7251455
5213,1,-105.03884609999999,39.7168192
5213,1,-105.0492601,39.6711283
5213,1,-104.8373276,39.7906188
5213,1,-105.0094457,39.70443970000001
5213,1,-104.9520615,39.7561656
5213,1,-105.02005279999999,39.7073414
